Date,Open,High,Low,Close,Adj Close,Volume,Name
2017-01-03,74.36000061035156,74.80000305175781,73.5199966430664,74.45999908447266,70.92200469970703,2065400,HCA
2017-01-04,75.12999725341797,77.31999969482422,74.56999969482422,77.12999725341797,73.46512603759766,3232300,HCA
2017-01-05,76.72000122070312,77.43000030517578,76.66000366210938,76.80999755859375,73.16031646728516,2808800,HCA
2017-01-06,76.66000366210938,77.30999755859375,76.56999969482422,76.62000274658203,72.9793701171875,1872300,HCA
2017-01-09,76.04000091552734,81.05999755859375,76.04000091552734,78.91999816894531,75.17005157470703,4616400,HCA
2017-01-10,78.83999633789062,79.2300033569336,77.80999755859375,78.2699966430664,74.55094146728516,2319500,HCA
2017-01-11,78.63999938964844,79.62999725341797,78.26000213623047,79.30999755859375,75.54154968261719,1837500,HCA
2017-01-12,79.13999938964844,79.4000015258789,78.54000091552734,79.12000274658203,75.3605728149414,1482900,HCA
2017-01-13,79.23999786376953,79.80999755859375,79.0999984741211,79.4000015258789,75.62727355957031,1436600,HCA
2017-01-17,80.9800033569336,82.19999694824219,78.80999755859375,80.93000030517578,77.0845718383789,3645000,HCA
2017-01-18,81.25,81.33000183105469,79.63999938964844,79.7300033569336,75.94158935546875,2845200,HCA
2017-01-19,79.45999908447266,79.80999755859375,78.56999969482422,78.62000274658203,74.88433074951172,2560100,HCA
2017-01-20,78.55000305175781,79.8499984741211,78.52999877929688,79.70999908447266,75.92253112792969,1882500,HCA
2017-01-23,79.05999755859375,80.33000183105469,78.06999969482422,79.83999633789062,76.0463638305664,4095700,HCA
2017-01-24,79.5999984741211,80.3499984741211,79.0199966430664,80.33000183105469,76.5130844116211,2010600,HCA
2017-01-25,80.41999816894531,81.13999938964844,80.0999984741211,80.56999969482422,76.74165344238281,2994300,HCA
2017-01-26,80.51000213623047,81.33999633789062,80.13999938964844,80.27999877929688,76.46543884277344,1855000,HCA
2017-01-27,80.58000183105469,80.5999984741211,79.37000274658203,79.5199966430664,75.7415542602539,1481900,HCA
2017-01-30,79.48999786376953,79.48999786376953,78.4000015258789,79.29000091552734,75.52249908447266,1911900,HCA
2017-01-31,79.69999694824219,80.48999786376953,78.5,80.27999877929688,76.46543884277344,3077300,HCA
2017-02-01,80.83999633789062,82.61000061035156,80.7300033569336,81.95999908447266,78.06562805175781,3091200,HCA
2017-02-02,81.72000122070312,82.86000061035156,81.43000030517578,82.29000091552734,78.37992858886719,2316200,HCA
2017-02-03,82.80000305175781,84.12000274658203,82.56999969482422,83.80000305175781,79.81819152832031,2847300,HCA
2017-02-06,83.80999755859375,84.26000213623047,82.58999633789062,82.66999816894531,78.74188995361328,2819700,HCA
2017-02-07,82.75,83.23999786376953,82.20999908447266,82.58999633789062,78.66567993164062,1455400,HCA
2017-02-08,82.30999755859375,83.37999725341797,82.05000305175781,83.0,79.05619812011719,1918200,HCA
2017-02-09,82.63999938964844,83.97000122070312,82.63999938964844,83.63999938964844,79.66580200195312,1286800,HCA
2017-02-10,83.6500015258789,84.08000183105469,83.0999984741211,83.62999725341797,79.6562728881836,1347000,HCA
2017-02-13,83.68000030517578,84.22000122070312,83.58000183105469,83.75,79.77057647705078,1323300,HCA
2017-02-14,83.58999633789062,84.30999755859375,83.5,83.70999908447266,79.73246765136719,1934400,HCA
2017-02-15,83.75,84.62000274658203,83.37000274658203,84.29000091552734,80.28491973876953,2867700,HCA
2017-02-16,84.41999816894531,84.87999725341797,83.69000244140625,84.13999938964844,80.14205169677734,1519500,HCA
2017-02-17,83.81999969482422,84.6500015258789,83.16000366210938,84.62999725341797,80.60873413085938,1813600,HCA
2017-02-21,84.95999908447266,86.38999938964844,84.7300033569336,85.73999786376953,81.66600036621094,2170600,HCA
2017-02-22,85.3499984741211,86.12000274658203,84.87999725341797,85.91000366210938,81.82794189453125,1701700,HCA
2017-02-23,86.0,86.61000061035156,85.36000061035156,86.44999694824219,82.34226989746094,2207800,HCA
2017-02-24,85.9800033569336,87.44000244140625,85.68000030517578,87.06999969482422,82.93282318115234,1857000,HCA
2017-02-27,86.94999694824219,87.97000122070312,86.94999694824219,87.77999877929688,83.60908508300781,2606000,HCA
2017-02-28,86.87999725341797,87.62000274658203,86.77999877929688,87.23999786376953,83.09474182128906,2171400,HCA
2017-03-01,87.94999694824219,88.5,87.43000030517578,88.04000091552734,83.85672760009766,1646500,HCA
2017-03-02,87.72000122070312,88.16000366210938,87.29000091552734,87.33999633789062,83.18997955322266,1290700,HCA
2017-03-03,87.37000274658203,88.62000274658203,87.2300033569336,88.52999877929688,84.32347106933594,1339700,HCA
2017-03-06,88.27999877929688,88.41000366210938,87.68000030517578,87.77999877929688,83.60908508300781,1350900,HCA
2017-03-07,87.4000015258789,87.66999816894531,86.43000030517578,86.62999725341797,82.51370239257812,1990700,HCA
2017-03-08,86.5,87.8499984741211,86.25,86.4800033569336,82.37085723876953,2763700,HCA
2017-03-09,86.54000091552734,87.62999725341797,86.25,86.88999938964844,82.76136779785156,1907600,HCA
2017-03-10,87.36000061035156,87.44999694824219,85.55999755859375,85.75,81.675537109375,2620300,HCA
2017-03-13,85.9800033569336,85.9800033569336,84.16000366210938,84.98999786376953,80.95165252685547,2505900,HCA
2017-03-14,84.27999877929688,84.4000015258789,83.05000305175781,83.68000030517578,79.70389556884766,2663800,HCA
2017-03-15,84.0,85.79000091552734,83.80000305175781,85.55000305175781,81.48504638671875,2395600,HCA
2017-03-16,85.43000030517578,85.7300033569336,83.9000015258789,84.25,80.2468032836914,4014200,HCA
2017-03-17,84.44999694824219,84.7300033569336,83.83999633789062,84.58999633789062,80.57066345214844,2528900,HCA
2017-03-20,84.55999755859375,84.7699966430664,83.54000091552734,83.91999816894531,79.93248748779297,1875100,HCA
2017-03-21,83.93000030517578,84.48999786376953,81.51000213623047,82.62000274658203,78.69425964355469,2659600,HCA
2017-03-22,82.5,82.7300033569336,81.36000061035156,82.54000091552734,78.61804962158203,2531100,HCA
2017-03-23,82.5199966430664,84.20999908447266,82.38999938964844,83.16999816894531,79.2181396484375,3160000,HCA
2017-03-24,83.63999938964844,86.4800033569336,83.41000366210938,86.04000091552734,81.95177459716797,5855200,HCA
2017-03-27,87.97000122070312,91.02999877929688,87.76000213623047,90.48999786376953,86.1903076171875,8584400,HCA
2017-03-28,89.98999786376953,90.16999816894531,88.05000305175781,89.62999725341797,85.37118530273438,4933200,HCA
2017-03-29,89.37999725341797,90.41999816894531,88.66000366210938,89.19000244140625,84.95209503173828,3553300,HCA
2017-03-30,88.94000244140625,89.47000122070312,88.72000122070312,89.25,85.00923919677734,1923400,HCA
2017-03-31,89.08999633789062,89.29000091552734,88.54000091552734,88.98999786376953,84.7615737915039,1709000,HCA
2017-04-03,88.97000122070312,89.41999816894531,88.54000091552734,89.33000183105469,85.08544921875,1838100,HCA
2017-04-04,88.91999816894531,88.94000244140625,86.2699966430664,87.66999816894531,83.50431060791016,3326400,HCA
2017-04-05,88.22000122070312,89.80000305175781,88.0,88.47000122070312,84.26628875732422,2094800,HCA
2017-04-06,88.47000122070312,88.7300033569336,87.73999786376953,88.72000122070312,84.5044174194336,2732800,HCA
2017-04-07,88.62999725341797,88.62999725341797,87.58000183105469,87.9000015258789,83.72338104248047,1185700,HCA
2017-04-10,87.91999816894531,88.5199966430664,87.58000183105469,88.25,84.05675506591797,1375400,HCA
2017-04-11,88.05000305175781,88.12000274658203,87.38999938964844,88.0,83.81863403320312,1102500,HCA
2017-04-12,87.5199966430664,88.29000091552734,87.0199966430664,88.19999694824219,84.00912475585938,1474600,HCA
2017-04-13,88.55000305175781,88.55000305175781,87.55000305175781,87.72000122070312,83.55192565917969,1045500,HCA
2017-04-17,85.0,85.9000015258789,84.1500015258789,85.6500015258789,81.58028411865234,4345200,HCA
2017-04-18,85.58999633789062,85.8499984741211,84.80999755859375,85.20999908447266,81.16120147705078,2295400,HCA
2017-04-19,85.30000305175781,85.80000305175781,84.41999816894531,84.61000061035156,80.5896987915039,2254400,HCA
2017-04-20,84.26000213623047,84.81999969482422,82.72000122070312,84.12000274658203,80.12298583984375,4299000,HCA
2017-04-21,84.05999755859375,84.22000122070312,83.30999755859375,83.55000305175781,79.58006286621094,1764400,HCA
2017-04-24,84.58999633789062,85.16999816894531,84.2300033569336,84.26000213623047,80.25634002685547,2108000,HCA
2017-04-25,84.38999938964844,85.02999877929688,84.22000122070312,84.61000061035156,80.5896987915039,1451400,HCA
2017-04-26,84.91000366210938,85.08000183105469,82.93000030517578,83.54000091552734,79.57054901123047,2634400,HCA
2017-04-27,83.52999877929688,84.02999877929688,82.87999725341797,83.44000244140625,79.47530364990234,1560800,HCA
2017-04-28,83.5999984741211,84.3499984741211,83.5999984741211,84.20999908447266,80.20870971679688,1464800,HCA
2017-05-01,84.20999908447266,84.69999694824219,83.83999633789062,83.86000061035156,79.8753433227539,1780600,HCA
2017-05-02,84.26000213623047,85.93000030517578,84.05999755859375,84.73999786376953,80.71353149414062,3018300,HCA
2017-05-03,84.5,85.04000091552734,82.44000244140625,82.8499984741211,78.913330078125,3307000,HCA
2017-05-04,82.58000183105469,83.87000274658203,81.41999816894531,83.4800033569336,79.5134048461914,2997000,HCA
2017-05-05,83.5999984741211,84.20999908447266,83.12999725341797,83.5,79.53245544433594,1350300,HCA
2017-05-08,83.73999786376953,83.98999786376953,83.47000122070312,83.86000061035156,79.8753433227539,2060000,HCA
2017-05-09,84.01000213623047,84.27999877929688,83.7699966430664,84.12999725341797,80.13250732421875,1606400,HCA
2017-05-10,84.23999786376953,85.9000015258789,83.94000244140625,85.55999755859375,81.49456024169922,1935400,HCA
2017-05-11,85.02999877929688,85.38999938964844,84.44000244140625,85.29000091552734,81.23739624023438,1195000,HCA
2017-05-12,85.20999908447266,85.22000122070312,84.04000091552734,84.61000061035156,80.5896987915039,1225300,HCA
2017-05-15,84.5199966430664,84.72000122070312,83.7699966430664,83.81999969482422,79.83723449707031,1564800,HCA
2017-05-16,84.2300033569336,84.2300033569336,83.19999694824219,83.48999786376953,79.52289581298828,1414000,HCA
2017-05-17,83.02999877929688,83.1500015258789,81.43000030517578,81.56999969482422,77.69413757324219,3322600,HCA
2017-05-18,81.69999694824219,82.01000213623047,81.0999984741211,81.26000213623047,77.39888763427734,1664800,HCA
2017-05-19,81.55000305175781,83.05000305175781,81.44000244140625,82.1500015258789,78.24658966064453,1965600,HCA
2017-05-22,81.86000061035156,82.70999908447266,81.83000183105469,82.31999969482422,78.40850067138672,993900,HCA
2017-05-23,82.33000183105469,82.63999938964844,81.87000274658203,81.93000030517578,78.03704833984375,1353000,HCA
2017-05-24,81.86000061035156,82.76000213623047,81.29000091552734,82.43000030517578,78.5132827758789,1214900,HCA
2017-05-25,82.51000213623047,83.48999786376953,82.08000183105469,83.11000061035156,79.16097259521484,697400,HCA
2017-05-26,82.9000015258789,83.27999877929688,81.95999908447266,82.69999694824219,78.77044677734375,1139800,HCA
2017-05-30,82.31999969482422,83.25,81.9800033569336,81.98999786376953,78.09417724609375,1235300,HCA
2017-05-31,81.94000244140625,82.58000183105469,81.7300033569336,81.91000366210938,78.01799011230469,2773100,HCA
2017-06-01,82.02999877929688,84.02999877929688,82.02999877929688,83.75,79.77057647705078,1794900,HCA
2017-06-02,83.63999938964844,84.12000274658203,82.98999786376953,83.33000183105469,79.37055206298828,1216600,HCA
2017-06-05,83.02999877929688,83.27999877929688,82.05000305175781,82.4000015258789,78.48470306396484,1378600,HCA
2017-06-06,82.4000015258789,82.6500015258789,81.6500015258789,82.4800033569336,78.56090545654297,1406100,HCA
2017-06-07,83.44999694824219,83.87000274658203,82.05000305175781,82.68000030517578,78.75141143798828,1509300,HCA
2017-06-08,82.80999755859375,83.44999694824219,82.16000366210938,82.80000305175781,78.86570739746094,2050000,HCA
2017-06-09,82.80000305175781,83.62000274658203,82.30999755859375,83.56999969482422,79.59912872314453,1959700,HCA
2017-06-12,83.44000244140625,85.01000213623047,83.44000244140625,84.86000061035156,80.82781982421875,2234700,HCA
2017-06-13,84.9800033569336,85.26000213623047,84.68000030517578,84.8499984741211,80.81831359863281,1288200,HCA
2017-06-14,85.13999938964844,85.69000244140625,84.72000122070312,85.3499984741211,81.29454040527344,1711500,HCA
2017-06-15,84.86000061035156,85.22000122070312,83.94000244140625,84.0199966430664,80.02772521972656,1547400,HCA
2017-06-16,84.12999725341797,84.19999694824219,83.05999755859375,83.41000366210938,79.44670104980469,1915400,HCA
2017-06-19,83.62000274658203,84.69000244140625,83.19999694824219,84.61000061035156,80.5896987915039,1079100,HCA
2017-06-20,84.16000366210938,84.5,82.9800033569336,83.73999786376953,79.76105499267578,1681300,HCA
2017-06-21,83.81999969482422,84.8499984741211,83.5199966430664,84.05000305175781,80.05633544921875,1725500,HCA
2017-06-22,83.9800033569336,87.87999725341797,83.88999938964844,86.13999938964844,82.0469970703125,3249500,HCA
2017-06-23,86.37000274658203,86.58000183105469,85.51000213623047,86.23999786376953,82.14224243164062,4885900,HCA
2017-06-26,86.2300033569336,87.37000274658203,86.1500015258789,86.62000274658203,82.50419616699219,1420300,HCA
2017-06-27,86.43000030517578,87.04000091552734,85.87999725341797,86.01000213623047,81.92317962646484,1669500,HCA
2017-06-28,86.86000061035156,87.5199966430664,86.45999908447266,86.9800033569336,82.84709167480469,1516200,HCA
2017-06-29,87.25,87.79000091552734,86.08000183105469,86.80999755859375,82.6851806640625,1618300,HCA
2017-06-30,87.2300033569336,87.79000091552734,87.0999984741211,87.19999694824219,83.05663299560547,1727900,HCA
2017-07-03,87.4800033569336,87.83000183105469,86.9800033569336,87.19000244140625,83.04711151123047,695700,HCA
2017-07-05,87.30000305175781,87.98999786376953,87.08999633789062,87.23999786376953,83.09474182128906,1534900,HCA
2017-07-06,86.80999755859375,86.9800033569336,84.58999633789062,84.83000183105469,80.79924011230469,2319900,HCA
2017-07-07,84.94999694824219,86.48999786376953,84.69999694824219,86.13999938964844,82.0469970703125,1613200,HCA
2017-07-10,85.94999694824219,86.4800033569336,85.26000213623047,85.87999725341797,81.79936981201172,1253100,HCA
2017-07-11,85.94999694824219,87.12000274658203,85.70999908447266,86.4000015258789,82.29466247558594,1750700,HCA
2017-07-12,86.91000366210938,87.29000091552734,86.2699966430664,86.44999694824219,82.34226989746094,1016300,HCA
2017-07-13,86.38999938964844,86.79000091552734,86.0199966430664,86.56999969482422,82.45655822753906,1198900,HCA
2017-07-14,86.41999816894531,86.87999725341797,85.95999908447266,86.63999938964844,82.52323913574219,1057300,HCA
2017-07-17,86.44000244140625,87.05999755859375,86.16999816894531,86.5,82.389892578125,955400,HCA
2017-07-18,86.91999816894531,87.16999816894531,85.19999694824219,85.87000274658203,81.78984069824219,2088700,HCA
2017-07-19,85.95999908447266,86.66000366210938,85.05000305175781,85.2300033569336,81.18025207519531,2308900,HCA
2017-07-20,85.22000122070312,86.76000213623047,85.0199966430664,85.76000213623047,81.68505859375,2254700,HCA
2017-07-21,86.13999938964844,86.5,85.22000122070312,85.7300033569336,81.65648651123047,2150300,HCA
2017-07-24,85.73999786376953,86.62000274658203,85.5,86.08999633789062,81.9993896484375,2533300,HCA
2017-07-25,82.5999984741211,84.68000030517578,81.79000091552734,82.18000030517578,78.27515411376953,4952300,HCA
2017-07-26,81.0,82.47000122070312,80.19000244140625,81.62999725341797,77.75129699707031,4316000,HCA
2017-07-27,81.0199966430664,81.2300033569336,79.62000274658203,79.95999908447266,76.16065216064453,2816600,HCA
2017-07-28,80.11000061035156,81.62000274658203,80.08000183105469,80.44000244140625,76.61785125732422,2461800,HCA
2017-07-31,80.33000183105469,80.58000183105469,79.52999877929688,80.33999633789062,76.52259826660156,2016200,HCA
2017-08-01,80.45999908447266,80.9000015258789,79.18000030517578,79.27999877929688,75.5129623413086,3178900,HCA
2017-08-02,79.4000015258789,79.66999816894531,78.72000122070312,78.9800033569336,75.22721862792969,2714900,HCA
2017-08-03,78.45999908447266,79.3499984741211,78.30999755859375,78.95999908447266,75.20816802978516,1552100,HCA
2017-08-04,79.29000091552734,79.44000244140625,78.66999816894531,78.87000274658203,75.12245178222656,1156600,HCA
2017-08-07,78.7699966430664,79.12999725341797,78.41000366210938,78.48999786376953,74.76050567626953,1684700,HCA
2017-08-08,78.0,78.79000091552734,77.22000122070312,78.12999725341797,74.41759490966797,3036400,HCA
2017-08-09,78.2300033569336,78.26000213623047,77.62000274658203,77.91999816894531,74.21756744384766,1766800,HCA
2017-08-10,77.79000091552734,78.0999984741211,77.55000305175781,77.80999755859375,74.1128158569336,2519800,HCA
2017-08-11,77.62999725341797,79.69000244140625,77.62999725341797,79.37000274658203,75.59870910644531,2491800,HCA
2017-08-14,79.62000274658203,79.76000213623047,78.94999694824219,79.5199966430664,75.7415542602539,2036000,HCA
2017-08-15,79.80999755859375,80.16000366210938,78.86000061035156,79.25,75.48438262939453,1599200,HCA
2017-08-16,79.30000305175781,79.62999725341797,78.81999969482422,78.98999786376953,75.23673248291016,1275600,HCA
2017-08-17,78.80999755859375,79.44000244140625,77.68000030517578,77.79000091552734,74.09378051757812,1473800,HCA
2017-08-18,77.63999938964844,78.0999984741211,77.5,77.52999877929688,73.84610748291016,1360900,HCA
2017-08-21,77.51000213623047,78.44000244140625,77.43000030517578,78.26000213623047,74.54142761230469,1703100,HCA
2017-08-22,78.36000061035156,78.93000030517578,78.2300033569336,78.79000091552734,75.0462417602539,1331100,HCA
2017-08-23,78.62000274658203,79.08000183105469,78.16000366210938,78.9000015258789,75.15103149414062,1789500,HCA
2017-08-24,79.11000061035156,79.66999816894531,78.88999938964844,79.26000213623047,75.4939193725586,1412600,HCA
2017-08-25,79.37000274658203,80.12000274658203,78.88999938964844,79.51000213623047,75.7320327758789,1245700,HCA
2017-08-28,79.43000030517578,79.77999877929688,78.9000015258789,79.16000366210938,75.39866638183594,1370100,HCA
2017-08-29,78.31999969482422,78.7699966430664,76.97000122070312,77.58999633789062,73.90327453613281,2808700,HCA
2017-08-30,77.47000122070312,77.69999694824219,76.8499984741211,77.38999938964844,73.7127685546875,1429200,HCA
2017-08-31,77.61000061035156,78.87999725341797,77.56999969482422,78.66000366210938,74.92242431640625,2127000,HCA
2017-09-01,78.86000061035156,79.20999908447266,78.1500015258789,78.66999816894531,74.93195343017578,1852100,HCA
2017-09-05,78.58000183105469,79.01000213623047,78.05999755859375,78.30999755859375,74.58904266357422,2151900,HCA
2017-09-06,78.44000244140625,78.44000244140625,76.13999938964844,77.27999877929688,73.60798645019531,2784800,HCA
2017-09-07,77.26000213623047,77.7300033569336,76.0999984741211,76.37000274658203,72.74124908447266,2789000,HCA
2017-09-08,76.18000030517578,77.0999984741211,75.73999786376953,77.05000305175781,73.38894653320312,1921800,HCA
2017-09-11,77.80999755859375,78.79000091552734,77.01000213623047,78.3499984741211,74.62715148925781,1876800,HCA
2017-09-12,78.30000305175781,78.94999694824219,77.91000366210938,78.76000213623047,75.01769256591797,1362400,HCA
2017-09-13,78.61000061035156,79.01000213623047,78.45999908447266,78.94000244140625,75.18913269042969,1668600,HCA
2017-09-14,79.08000183105469,79.94000244140625,78.47000122070312,79.87000274658203,76.0749282836914,1840100,HCA
2017-09-15,79.87000274658203,80.37999725341797,78.7300033569336,79.23999786376953,75.47486114501953,2451700,HCA
2017-09-18,79.27999877929688,79.3499984741211,77.01000213623047,77.68000030517578,73.98899841308594,2810100,HCA
2017-09-19,77.52999877929688,77.75,75.55999755859375,76.30000305175781,72.67456817626953,4522400,HCA
2017-09-20,76.37000274658203,77.9000015258789,76.2300033569336,77.75,74.05565643310547,2659900,HCA
2017-09-21,77.79000091552734,77.88999938964844,77.30999755859375,77.6500015258789,73.96041107177734,1366000,HCA
2017-09-22,77.44000244140625,78.94000244140625,77.44000244140625,78.22000122070312,74.50332641601562,3027100,HCA
2017-09-25,77.87999725341797,78.47000122070312,75.7699966430664,76.25,72.62692260742188,2730400,HCA
2017-09-26,76.76000213623047,77.83999633789062,76.75,77.6500015258789,73.96041107177734,1972000,HCA
2017-09-27,77.8499984741211,78.3499984741211,77.04000091552734,78.16999816894531,74.4557113647461,1949800,HCA
2017-09-28,77.83000183105469,79.58000183105469,77.76000213623047,79.0999984741211,75.3415298461914,1928100,HCA
2017-09-29,79.11000061035156,79.70999908447266,78.97000122070312,79.58999633789062,75.80823516845703,1455800,HCA
2017-10-02,79.79000091552734,80.4000015258789,79.05000305175781,79.91999816894531,76.12256622314453,1557900,HCA
2017-10-03,79.72000122070312,80.18000030517578,79.12999725341797,79.4800033569336,75.70348358154297,1696700,HCA
2017-10-04,79.26000213623047,79.62999725341797,77.33000183105469,77.69000244140625,73.99852752685547,2201200,HCA
2017-10-05,77.62000274658203,78.66999816894531,77.12000274658203,77.26000213623047,73.58895111083984,3200400,HCA
2017-10-06,77.3499984741211,77.70999908447266,76.43000030517578,76.63999938964844,72.99839782714844,1998900,HCA
2017-10-09,76.4000015258789,76.52999877929688,74.4800033569336,75.30999755859375,71.73161315917969,2455300,HCA
2017-10-10,75.44999694824219,76.33999633789062,74.9000015258789,75.44999694824219,71.86494445800781,2817600,HCA
2017-10-11,75.41999816894531,75.8499984741211,75.04000091552734,75.52999877929688,71.94115447998047,1862800,HCA
2017-10-12,75.33000183105469,75.4800033569336,73.63999938964844,74.22000122070312,70.69340515136719,4312900,HCA
2017-10-13,71.5,74.72000122070312,71.18000030517578,74.58000183105469,71.03627014160156,4928000,HCA
2017-10-16,74.29000091552734,75.47000122070312,74.25,75.19000244140625,71.61731719970703,3428500,HCA
2017-10-17,75.62000274658203,78.3499984741211,75.30000305175781,76.81999969482422,73.16984558105469,3771300,HCA
2017-10-18,77.04000091552734,78.11000061035156,76.97000122070312,77.44999694824219,73.76991271972656,4521900,HCA
2017-10-19,78.30000305175781,79.94999694824219,76.86000061035156,79.79000091552734,75.99874114990234,6572100,HCA
2017-10-20,80.1500015258789,81.13999938964844,79.94999694824219,81.05000305175781,77.19886016845703,3793200,HCA
2017-10-23,81.33000183105469,81.7699966430664,80.69000244140625,80.75,76.91312408447266,2277200,HCA
2017-10-24,80.5199966430664,80.94999694824219,79.12000274658203,79.56999969482422,75.78919219970703,2453100,HCA
2017-10-25,79.30999755859375,79.31999969482422,77.94999694824219,79.19999694824219,75.43673706054688,2922200,HCA
2017-10-26,79.43000030517578,79.58000183105469,76.69999694824219,76.88999938964844,73.23652648925781,3925400,HCA
2017-10-27,76.8499984741211,77.83999633789062,75.9800033569336,76.66999816894531,73.02696228027344,2899600,HCA
2017-10-30,76.26000213623047,76.9000015258789,75.94999694824219,76.18000030517578,72.56025695800781,2865600,HCA
2017-10-31,76.16000366210938,77.61000061035156,74.98999786376953,75.6500015258789,72.0554428100586,3483100,HCA
2017-11-01,75.7300033569336,77.52999877929688,75.29000091552734,76.83000183105469,73.17938995361328,3895600,HCA
2017-11-02,76.33999633789062,77.47000122070312,75.77999877929688,76.43000030517578,72.79838562011719,2395800,HCA
2017-11-03,76.91000366210938,77.48999786376953,75.72000122070312,76.43000030517578,72.79838562011719,2124500,HCA
2017-11-06,76.44999694824219,77.47000122070312,76.43000030517578,76.87000274658203,73.21748352050781,2455000,HCA
2017-11-07,76.98999786376953,78.19999694824219,76.91999816894531,77.91999816894531,74.21756744384766,1707700,HCA
2017-11-08,77.70999908447266,79.62000274658203,77.5,78.86000061035156,75.11292266845703,2653100,HCA
2017-11-09,78.48999786376953,79.4800033569336,78.45999908447266,79.41000366210938,75.63678741455078,2668800,HCA
2017-11-10,79.1500015258789,79.33000183105469,78.30999755859375,78.68000030517578,74.94146728515625,1804600,HCA
2017-11-13,78.52999877929688,78.52999877929688,77.22000122070312,77.70999908447266,74.01756286621094,1878000,HCA
2017-11-14,77.5,77.68000030517578,75.72000122070312,76.05000305175781,72.43643951416016,3323200,HCA
2017-11-15,75.7300033569336,75.80000305175781,74.83999633789062,74.93000030517578,71.36965942382812,2410200,HCA
2017-11-16,75.12000274658203,76.22000122070312,75.12000274658203,75.97000122070312,72.36024475097656,2608500,HCA
2017-11-17,75.5999984741211,75.93000030517578,74.97000122070312,75.23999786376953,71.66493225097656,1735500,HCA
2017-11-20,75.23999786376953,75.41999816894531,74.26000213623047,74.61000061035156,71.06486511230469,2122700,HCA
2017-11-21,74.77999877929688,75.94000244140625,74.27999877929688,75.88999938964844,72.28404235839844,1860300,HCA
2017-11-22,75.83999633789062,78.19000244140625,75.44999694824219,77.06999969482422,73.40796661376953,1582000,HCA
2017-11-24,77.27999877929688,77.36000061035156,76.33999633789062,77.19000244140625,73.52225494384766,482300,HCA
2017-11-27,77.19000244140625,77.69000244140625,76.4800033569336,77.3499984741211,73.67465209960938,1347700,HCA
2017-11-28,77.3499984741211,78.22000122070312,76.93000030517578,78.06999969482422,74.3604507446289,1272600,HCA
2017-11-29,78.02999877929688,81.58999633789062,77.76000213623047,80.13999938964844,76.33211517333984,3616000,HCA
2017-11-30,82.73999786376953,86.04000091552734,82.73999786376953,85.0,80.9611587524414,8262200,HCA
2017-12-01,84.68000030517578,84.87999725341797,82.7300033569336,84.05000305175781,80.05633544921875,3486400,HCA
2017-12-04,84.75,85.87999725341797,84.19999694824219,84.2699966430664,80.26587677001953,2258500,HCA
2017-12-05,84.30999755859375,84.30999755859375,82.37999725341797,83.22000122070312,79.26573944091797,2626700,HCA
2017-12-06,83.31999969482422,83.47000122070312,82.08000183105469,83.0999984741211,79.15145874023438,1760300,HCA
2017-12-07,83.04000091552734,85.7300033569336,82.20999908447266,85.05999755859375,81.0183334350586,3036900,HCA
2017-12-08,85.38999938964844,85.55000305175781,84.12999725341797,84.83999633789062,80.80878448486328,2683300,HCA
2017-12-11,84.80999755859375,85.75,84.62000274658203,84.97000122070312,80.9325942993164,2242800,HCA
2017-12-12,86.37000274658203,87.16000366210938,86.11000061035156,86.44999694824219,82.34226989746094,3107700,HCA
2017-12-13,86.52999877929688,88.30000305175781,85.44000244140625,87.58999633789062,83.4281005859375,3067300,HCA
2017-12-14,87.3499984741211,87.77999877929688,86.08999633789062,86.1500015258789,82.0565414428711,1729400,HCA
2017-12-15,86.62999725341797,88.69000244140625,86.48999786376953,88.45999908447266,84.25676727294922,3810900,HCA
2017-12-18,88.98999786376953,90.08999633789062,88.68000030517578,89.69000244140625,85.4283218383789,2573000,HCA
2017-12-19,89.81999969482422,90.29000091552734,88.69999694824219,88.83000183105469,84.60919189453125,2512000,HCA
2017-12-20,87.37000274658203,87.94000244140625,84.72000122070312,86.44999694824219,82.34226989746094,3414900,HCA
2017-12-21,86.5199966430664,88.41000366210938,86.41999816894531,87.83999633789062,83.66620635986328,1957400,HCA
2017-12-22,87.9800033569336,89.0999984741211,87.8499984741211,89.08999633789062,84.85682678222656,1908900,HCA
2017-12-26,89.23999786376953,89.94000244140625,88.95999908447266,89.13999938964844,84.90446472167969,921900,HCA
2017-12-27,88.94000244140625,89.0999984741211,87.2300033569336,87.88999938964844,83.71385192871094,1698200,HCA
2017-12-28,88.16000366210938,88.5,87.62999725341797,88.30999755859375,84.11389923095703,1228000,HCA
2017-12-29,88.4800033569336,89.05999755859375,87.77999877929688,87.83999633789062,83.66620635986328,1242800,HCA
2018-01-02,88.0,89.80999755859375,87.79000091552734,89.51000213623047,85.25688171386719,1826900,HCA
2018-01-03,88.70999908447266,89.30000305175781,86.61000061035156,87.04000091552734,82.90424346923828,2402200,HCA
2018-01-04,86.33999633789062,86.73999786376953,85.4000015258789,85.95999908447266,81.87557220458984,2750300,HCA
2018-01-05,86.18000030517578,87.02999877929688,85.23999786376953,86.93000030517578,82.79948425292969,3079100,HCA
2018-01-08,86.63999938964844,86.94000244140625,85.80000305175781,86.75,82.62802124023438,1367400,HCA
2018-01-09,86.5,87.0199966430664,85.94000244140625,86.0,81.91365814208984,1842900,HCA
2018-01-10,85.73999786376953,86.44000244140625,84.91999816894531,84.95999908447266,80.92306518554688,1740800,HCA
2018-01-11,85.31999969482422,87.37000274658203,85.30999755859375,86.97000122070312,82.83757781982422,1911100,HCA
2018-01-12,87.36000061035156,89.02999877929688,86.72000122070312,88.80000305175781,84.58061218261719,1871300,HCA
2018-01-16,89.02999877929688,90.02999877929688,88.51000213623047,88.79000091552734,84.57108306884766,2394100,HCA
2018-01-17,89.04000091552734,89.69000244140625,88.58999633789062,89.4000015258789,85.152099609375,1325600,HCA
2018-01-18,89.56999969482422,90.4800033569336,89.12999725341797,90.11000061035156,85.82836151123047,2124000,HCA
2018-01-19,90.31999969482422,93.31999969482422,90.05999755859375,93.01000213623047,88.59059143066406,4204200,HCA
2018-01-22,92.87999725341797,93.38999938964844,92.08000183105469,92.86000061035156,88.44771575927734,1844000,HCA
2018-01-23,92.30999755859375,92.70999908447266,91.11000061035156,91.7300033569336,87.37139892578125,1532400,HCA
2018-01-24,92.05999755859375,92.41999816894531,91.05999755859375,91.48999786376953,87.14280700683594,1165600,HCA
2018-01-25,92.0199966430664,93.25,91.8499984741211,92.83000183105469,88.41912078857422,2065800,HCA
2018-01-26,93.05999755859375,97.12000274658203,92.72000122070312,97.06999969482422,92.45767211914062,3621800,HCA
2018-01-29,96.76000213623047,98.41999816894531,96.36000061035156,97.62000274658203,92.9815444946289,3608600,HCA
2018-01-30,101.55000305175781,106.83999633789062,101.0,101.44999694824219,96.62953186035156,6562400,HCA
2018-01-31,102.0,103.18000030517578,100.23999786376953,101.16000366210938,96.35333251953125,3733500,HCA
2018-02-01,100.75,103.56999969482422,100.29000091552734,102.23999786376953,97.38200378417969,3193600,HCA
2018-02-02,101.54000091552734,102.25,99.58999633789062,99.69000244140625,94.95317077636719,2417600,HCA
2018-02-05,98.93000030517578,99.75,95.62000274658203,95.88999938964844,91.33372497558594,2670600,HCA
2018-02-06,94.62999725341797,99.12999725341797,94.11000061035156,98.70999908447266,94.01972198486328,3353800,HCA
2018-02-07,98.26000213623047,100.30000305175781,98.0,98.4000015258789,93.72445678710938,1894800,HCA
2018-02-08,98.61000061035156,99.25,95.91000366210938,95.97000122070312,91.4099349975586,2129300,HCA
2018-02-09,97.01000213623047,98.80000305175781,94.75,97.83999633789062,93.19107055664062,2532000,HCA
2018-02-12,98.52999877929688,99.0,96.41999816894531,98.27999877929688,93.61018371582031,1512200,HCA
2018-02-13,97.4800033569336,99.19999694824219,97.30000305175781,98.91999816894531,94.21976470947266,1139500,HCA
2018-02-14,98.26000213623047,100.98999786376953,97.88999938964844,99.91000366210938,95.16271209716797,2224800,HCA
2018-02-15,100.54000091552734,101.36000061035156,99.43000030517578,100.94999694824219,96.15330505371094,1999600,HCA
2018-02-16,100.72000122070312,102.22000122070312,100.29000091552734,101.0,96.20092010498047,1893500,HCA
2018-02-20,100.68000030517578,101.41000366210938,100.54000091552734,101.0,96.20092010498047,1413300,HCA
2018-02-21,100.68000030517578,101.8499984741211,100.29000091552734,100.3499984741211,95.58179473876953,1340000,HCA
2018-02-22,100.94000244140625,101.94000244140625,100.16000366210938,100.54000091552734,95.7627944946289,1485500,HCA
2018-02-23,101.2699966430664,101.41999816894531,99.81999969482422,100.83999633789062,96.04852294921875,1650700,HCA
2018-02-26,100.69999694824219,100.8499984741211,99.05000305175781,100.0199966430664,95.26748657226562,1815400,HCA
2018-02-27,100.36000061035156,102.9800033569336,100.05999755859375,101.55999755859375,96.73431396484375,3133000,HCA
2018-02-28,101.2300033569336,101.87000274658203,99.2300033569336,99.25,94.86099243164062,2896100,HCA
2018-03-01,99.5,100.91000366210938,98.04000091552734,99.43000030517578,95.03302001953125,2312900,HCA
2018-03-02,99.0,101.63999938964844,98.81999969482422,101.37999725341797,96.89678955078125,2054700,HCA
2018-03-05,100.9000015258789,101.4000015258789,99.72000122070312,101.11000061035156,96.63873291015625,1755800,HCA
2018-03-06,101.2699966430664,101.73999786376953,100.43000030517578,100.98999786376953,96.52405548095703,1529400,HCA
2018-03-07,100.3499984741211,101.58000183105469,100.02999877929688,101.30999755859375,96.82989501953125,1686400,HCA
2018-03-08,101.51000213623047,102.75,101.20999908447266,102.3499984741211,97.82389831542969,1261100,HCA
2018-03-09,102.69000244140625,104.16999816894531,102.19000244140625,103.9000015258789,99.30535888671875,1614900,HCA
2018-03-12,103.76000213623047,104.19999694824219,102.80000305175781,103.55999755859375,98.98037719726562,2411100,HCA
2018-03-13,103.98999786376953,103.98999786376953,102.25,102.58000183105469,98.04373168945312,1798600,HCA
2018-03-14,102.83999633789062,103.5,101.5999984741211,101.93000030517578,97.4224853515625,1737600,HCA
2018-03-15,102.23999786376953,103.87000274658203,102.01000213623047,103.1500015258789,98.58853149414062,1349600,HCA
2018-03-16,103.16000366210938,103.93000030517578,102.4800033569336,102.7699966430664,98.22532653808594,2068900,HCA
2018-03-19,102.58000183105469,102.81999969482422,101.63999938964844,102.66000366210938,98.12020111083984,1115800,HCA
2018-03-20,102.75,102.7699966430664,99.75,100.5999984741211,96.15128326416016,1576400,HCA
2018-03-21,100.06999969482422,101.80000305175781,100.06999969482422,100.9000015258789,96.43802642822266,1959800,HCA
2018-03-22,100.48999786376953,101.72000122070312,99.6500015258789,99.79000091552734,95.37709045410156,1740700,HCA
2018-03-23,100.30000305175781,101.61000061035156,98.58999633789062,98.77999877929688,94.41178131103516,1901700,HCA
2018-03-26,99.69999694824219,99.98999786376953,96.86000061035156,97.9800033569336,93.64715576171875,1927600,HCA
2018-03-27,98.25,98.91999816894531,96.93000030517578,97.43000030517578,93.1214828491211,2374000,HCA
2018-03-28,97.75,98.66000366210938,97.12999725341797,97.1500015258789,92.85385131835938,1929300,HCA
2018-03-29,97.69999694824219,97.81999969482422,95.80000305175781,97.0,92.71047973632812,3301600,HCA
2018-04-02,97.33000183105469,97.94999694824219,94.66999816894531,95.31999969482422,91.10478973388672,1979500,HCA
2018-04-03,95.7300033569336,97.16999816894531,95.33999633789062,97.06999969482422,92.77738952636719,2390700,HCA
2018-04-04,95.9000015258789,97.36000061035156,95.87000274658203,96.86000061035156,92.5766830444336,2638700,HCA
2018-04-05,97.0,98.4000015258789,96.69999694824219,98.23999786376953,93.8956527709961,3632600,HCA
2018-04-06,97.76000213623047,98.16999816894531,95.72000122070312,96.23999786376953,91.98410034179688,1965700,HCA
2018-04-09,96.73999786376953,97.55999755859375,96.2699966430664,96.30999755859375,92.0510025024414,1249900,HCA
2018-04-10,97.25,97.33000183105469,96.2699966430664,96.93000030517578,92.64358520507812,2080400,HCA
2018-04-11,96.4000015258789,97.1500015258789,96.12000274658203,96.19000244140625,91.93630981445312,1472200,HCA
2018-04-12,96.68000030517578,97.16999816894531,96.27999877929688,96.62999725341797,92.35684967041016,1256700,HCA
2018-04-13,96.52999877929688,96.72000122070312,95.72000122070312,96.27999877929688,92.02233123779297,1953300,HCA
2018-04-16,96.98999786376953,97.7699966430664,96.36000061035156,97.44000244140625,93.13105010986328,1738000,HCA
2018-04-17,97.80000305175781,98.05000305175781,96.2300033569336,97.70999908447266,93.38908386230469,2419700,HCA
2018-04-18,97.9000015258789,99.4800033569336,97.80999755859375,98.7300033569336,94.36398315429688,1935200,HCA
2018-04-19,98.52999877929688,98.8499984741211,97.98999786376953,98.41000366210938,94.05813598632812,1133200,HCA
2018-04-20,98.47000122070312,98.69999694824219,97.2699966430664,97.44999694824219,93.14059448242188,1581000,HCA
2018-04-23,97.44999694824219,97.7300033569336,96.38999938964844,96.9000015258789,92.61490631103516,2796400,HCA
2018-04-24,97.56999969482422,97.62000274658203,96.0,96.80999755859375,92.52890014648438,2534000,HCA
2018-04-25,96.62999725341797,98.43000030517578,95.72000122070312,98.41999816894531,94.06769561767578,1847500,HCA
2018-04-26,96.62000274658203,96.9000015258789,94.66999816894531,95.33999633789062,91.12389373779297,3335000,HCA
2018-04-27,95.44000244140625,96.3499984741211,95.3499984741211,96.25,91.99365997314453,1663900,HCA
2018-04-30,96.56999969482422,96.94999694824219,95.73999786376953,95.73999786376953,91.5062026977539,3189000,HCA
2018-05-01,96.62999725341797,96.75,93.02999877929688,96.19999694824219,91.94585418701172,3119000,HCA
2018-05-02,95.48999786376953,99.33000183105469,95.2699966430664,97.73999786376953,93.41775512695312,2737900,HCA
2018-05-03,97.1500015258789,97.31999969482422,94.2300033569336,95.83999633789062,91.60179138183594,2281200,HCA
2018-05-04,96.23999786376953,97.72000122070312,95.55999755859375,97.55000305175781,93.23619079589844,1506500,HCA
2018-05-07,97.66000366210938,98.19999694824219,97.25,97.62000274658203,93.3030776977539,1268400,HCA
2018-05-08,97.91999816894531,97.97000122070312,96.91999816894531,97.4000015258789,93.09278869628906,2081500,HCA
2018-05-09,97.37000274658203,100.30999755859375,97.05999755859375,100.12000274658203,95.69249725341797,2273300,HCA
2018-05-10,100.5199966430664,101.87000274658203,100.25,101.47000122070312,96.9828109741211,1724700,HCA
2018-05-11,101.36000061035156,102.2300033569336,101.0,101.77999877929688,97.27910614013672,1948700,HCA
2018-05-14,102.0,102.5199966430664,101.56999969482422,101.77999877929688,97.27910614013672,1769200,HCA
2018-05-15,101.20999908447266,101.72000122070312,100.63999938964844,101.05999755859375,96.59092712402344,1096900,HCA
2018-05-16,101.26000213623047,103.3499984741211,100.9000015258789,102.91999816894531,98.36869049072266,2154000,HCA
2018-05-17,102.69000244140625,104.06999969482422,101.87999725341797,103.0999984741211,98.54073333740234,1878200,HCA
2018-05-18,103.2300033569336,103.5999984741211,102.63999938964844,102.83000183105469,98.28266906738281,1214100,HCA
2018-05-21,103.5999984741211,104.5199966430664,103.55999755859375,103.86000061035156,99.26712036132812,1353400,HCA
2018-05-22,103.9800033569336,104.8499984741211,103.4000015258789,103.41000366210938,98.83702087402344,1681100,HCA
2018-05-23,103.0,103.8499984741211,102.31999969482422,103.51000213623047,98.93260955810547,3101800,HCA
2018-05-24,103.26000213623047,103.86000061035156,102.52999877929688,103.5999984741211,99.01862335205078,1181500,HCA
2018-05-25,103.41999816894531,104.08999633789062,103.41999816894531,103.69000244140625,99.10466003417969,1165300,HCA
2018-05-29,103.0199966430664,103.54000091552734,102.22000122070312,103.27999877929688,98.71277618408203,1064900,HCA
2018-05-30,104.1500015258789,105.44999694824219,103.69000244140625,104.9000015258789,100.26114654541016,1623300,HCA
2018-05-31,104.48999786376953,104.80000305175781,102.87000274658203,103.13999938964844,98.90898132324219,1889400,HCA
2018-06-01,103.79000091552734,104.5,103.33999633789062,104.31999969482422,100.04055786132812,1274800,HCA
2018-06-04,104.31999969482422,104.98999786376953,104.26000213623047,104.30999755859375,100.0309829711914,1919900,HCA
2018-06-05,104.29000091552734,105.0999984741211,104.04000091552734,104.25,99.97344207763672,1396200,HCA
2018-06-06,104.33000183105469,105.12000274658203,104.08999633789062,104.6500015258789,100.35701751708984,1703500,HCA
2018-06-07,105.05000305175781,105.48999786376953,104.80000305175781,105.31999969482422,100.99954986572266,1809100,HCA
2018-06-08,104.94000244140625,105.41000366210938,103.66000366210938,105.38999938964844,101.06668090820312,1939000,HCA
2018-06-11,105.5,107.11000061035156,105.5,106.44000244140625,102.07360076904297,1875300,HCA
2018-06-12,106.76000213623047,106.94999694824219,106.02999877929688,106.30999755859375,101.94893646240234,1499100,HCA
2018-06-13,106.87000274658203,107.37000274658203,105.55999755859375,105.68000030517578,101.34477996826172,1431500,HCA
2018-06-14,105.70999908447266,106.62000274658203,105.23999786376953,106.01000213623047,101.6612548828125,1505500,HCA
2018-06-15,105.97000122070312,106.7300033569336,105.9000015258789,106.51000213623047,102.1407241821289,2046800,HCA
2018-06-18,106.38999938964844,107.08999633789062,105.8499984741211,105.94999694824219,101.60369873046875,954100,HCA
2018-06-19,105.4000015258789,106.2699966430664,105.12000274658203,105.5199966430664,101.19134521484375,1062100,HCA
2018-06-20,105.66999816894531,107.87000274658203,105.45999908447266,107.79000091552734,103.36820983886719,1600800,HCA
2018-06-21,108.06999969482422,108.8499984741211,107.37999725341797,107.56999969482422,103.15724182128906,1776600,HCA
2018-06-22,108.22000122070312,108.30000305175781,106.62000274658203,106.73999786376953,102.36128234863281,2811800,HCA
2018-06-25,106.45999908447266,106.66000366210938,104.68000030517578,105.22000122070312,100.90364074707031,2068700,HCA
2018-06-26,105.30000305175781,105.7300033569336,105.08999633789062,105.33999633789062,101.01872253417969,1828800,HCA
2018-06-27,105.48999786376953,105.48999786376953,104.18000030517578,104.18000030517578,99.90631866455078,1248000,HCA
2018-06-28,103.4800033569336,103.63999938964844,102.44999694824219,103.08999633789062,98.86103057861328,1631500,HCA
2018-06-29,102.88999938964844,103.3499984741211,101.70999908447266,102.5999984741211,98.39112091064453,1258700,HCA
2018-07-02,102.29000091552734,103.23999786376953,101.30000305175781,103.19000244140625,98.95691680908203,1403100,HCA
2018-07-03,103.23999786376953,104.30000305175781,103.08000183105469,103.87000274658203,99.60902404785156,741700,HCA
2018-07-05,104.0199966430664,104.37999725341797,102.7699966430664,103.4800033569336,99.23503112792969,2002200,HCA
2018-07-06,103.68000030517578,105.4800033569336,103.5199966430664,105.22000122070312,100.90364074707031,1233600,HCA
2018-07-09,105.20999908447266,106.16999816894531,104.83999633789062,105.72000122070312,101.38314819335938,960500,HCA
2018-07-10,105.70999908447266,106.33000183105469,105.08999633789062,105.80000305175781,101.45987701416016,1024800,HCA
2018-07-11,105.63999938964844,106.25,105.41000366210938,105.5199966430664,101.19134521484375,1018000,HCA
2018-07-12,105.8499984741211,106.2300033569336,105.22000122070312,105.37000274658203,101.04750061035156,1370900,HCA
2018-07-13,105.30999755859375,106.68000030517578,105.27999877929688,106.55000305175781,102.1791000366211,1111100,HCA
2018-07-16,106.5,106.91999816894531,106.19000244140625,106.83000183105469,102.4476089477539,1167000,HCA
2018-07-17,106.73999786376953,108.4800033569336,106.1500015258789,108.41000366210938,103.9627914428711,1805300,HCA
2018-07-18,108.2300033569336,108.37999725341797,106.45999908447266,106.58999633789062,102.21746063232422,1428500,HCA
2018-07-19,106.22000122070312,108.01000213623047,105.63999938964844,107.69999694824219,103.28190612792969,3015900,HCA
2018-07-20,107.98999786376953,108.30999755859375,107.04000091552734,108.0,103.5696029663086,1216200,HCA
2018-07-23,109.44000244140625,110.0,108.22000122070312,108.36000061035156,103.91484069824219,2038600,HCA
2018-07-24,108.0,108.45999908447266,107.25,108.16000366210938,103.7230453491211,2428100,HCA
2018-07-25,111.8499984741211,119.4000015258789,111.41000366210938,118.12999725341797,113.28404998779297,4998800,HCA
2018-07-26,119.38999938964844,124.51000213623047,118.81999969482422,124.30000305175781,119.20096588134766,3970000,HCA
2018-07-27,124.47000122070312,124.47000122070312,122.16999816894531,124.1500015258789,119.05708312988281,2252300,HCA
2018-07-30,124.4000015258789,126.41000366210938,123.29000091552734,124.05000305175781,118.96119689941406,1912800,HCA
2018-07-31,123.7699966430664,124.47000122070312,122.37000274658203,124.2300033569336,119.1338119506836,1650500,HCA
2018-08-01,124.68000030517578,127.25,124.19999694824219,124.58000183105469,119.46946716308594,2156100,HCA
2018-08-02,124.41999816894531,125.30999755859375,123.91000366210938,125.27999877929688,120.14073944091797,2112700,HCA
2018-08-03,125.79000091552734,130.2899932861328,125.69999694824219,130.16000366210938,124.82054901123047,2831900,HCA
2018-08-06,129.7100067138672,131.10000610351562,128.69000244140625,128.80999755859375,123.52593231201172,2199700,HCA
2018-08-07,128.0,129.6300048828125,127.86000061035156,129.44000244140625,124.13011169433594,1051100,HCA
2018-08-08,130.0399932861328,130.61000061035156,128.22999572753906,128.30999755859375,123.04643249511719,2009300,HCA
2018-08-09,128.5,128.60000610351562,127.1500015258789,128.1999969482422,122.94093322753906,1340500,HCA
2018-08-10,127.91000366210938,128.3300018310547,127.16999816894531,128.1699981689453,122.91218566894531,1286800,HCA
2018-08-13,128.22999572753906,130.0399932861328,128.16000366210938,128.64999389648438,123.37247467041016,973500,HCA
2018-08-14,129.2100067138672,130.30999755859375,128.9499969482422,130.00999450683594,124.67669677734375,1033200,HCA
2018-08-15,129.6699981689453,130.83999633789062,128.91000366210938,129.6300048828125,124.31231689453125,1724400,HCA
2018-08-16,130.4499969482422,130.57000732421875,128.88999938964844,129.02000427246094,123.7273178100586,1510900,HCA
2018-08-17,129.66000366210938,131.8800048828125,129.66000366210938,131.57000732421875,126.1727294921875,1608300,HCA
2018-08-20,131.58999633789062,132.39999389648438,131.05999755859375,131.4600067138672,126.06722259521484,1112700,HCA
2018-08-21,131.44000244140625,132.2100067138672,130.2899932861328,130.61000061035156,125.2520980834961,2208900,HCA
2018-08-22,130.5,131.47999572753906,130.2899932861328,131.11000061035156,125.73157501220703,973300,HCA
2018-08-23,131.1300048828125,131.3800048828125,130.25,131.0800018310547,125.70285034179688,1245200,HCA
2018-08-24,131.22000122070312,131.63999938964844,130.08999633789062,131.36000061035156,125.9713134765625,692400,HCA
2018-08-27,131.4499969482422,131.8699951171875,130.72000122070312,131.25999450683594,125.87543487548828,876800,HCA
2018-08-28,131.52000427246094,132.25,130.13999938964844,130.24000549316406,124.89728546142578,1392400,HCA
2018-08-29,130.97999572753906,132.57000732421875,130.4499969482422,132.1300048828125,126.70970916748047,1296000,HCA
2018-08-30,131.67999267578125,132.52999877929688,130.9199981689453,131.7899932861328,126.38368225097656,958200,HCA
2018-08-31,130.8000030517578,134.19000244140625,130.77999877929688,134.11000061035156,128.95098876953125,1545800,HCA
2018-09-04,138.07000732421875,138.17999267578125,133.88999938964844,134.02999877929688,128.87403869628906,3377800,HCA
2018-09-05,133.97999572753906,134.9199981689453,132.72999572753906,133.7899932861328,128.64328002929688,1835800,HCA
2018-09-06,134.02000427246094,134.3699951171875,131.5500030517578,132.3000030517578,127.21062469482422,1572200,HCA
2018-09-07,131.8000030517578,133.17999267578125,131.5399932861328,132.47000122070312,127.3740463256836,1403700,HCA
2018-09-10,132.88999938964844,132.9499969482422,130.97000122070312,131.5,126.44139099121094,1451000,HCA
2018-09-11,131.61000061035156,132.6999969482422,131.25999450683594,131.77999877929688,126.71060943603516,1707300,HCA
2018-09-12,131.8300018310547,132.27999877929688,130.17999267578125,131.5,126.44139099121094,2103200,HCA
2018-09-13,131.77999877929688,133.89999389648438,131.77999877929688,133.83999633789062,128.6913604736328,1547400,HCA
2018-09-14,134.08999633789062,134.72999572753906,133.55999755859375,133.6300048828125,128.4894561767578,990400,HCA
2018-09-17,134.02999877929688,134.1999969482422,132.35000610351562,132.6999969482422,127.5951919555664,866000,HCA
2018-09-18,132.88999938964844,134.50999450683594,132.88999938964844,133.77999877929688,128.63365173339844,1927600,HCA
2018-09-19,133.72000122070312,133.72000122070312,131.6199951171875,131.9199981689453,126.84520721435547,2461200,HCA
2018-09-20,132.82000732421875,133.7899932861328,132.3800048828125,132.6999969482422,127.5951919555664,1304400,HCA
2018-09-21,132.92999267578125,133.7899932861328,132.85000610351562,133.3699951171875,128.23939514160156,3714700,HCA
2018-09-24,133.33999633789062,134.9600067138672,133.33999633789062,134.30999755859375,129.14332580566406,1090800,HCA
2018-09-25,134.80999755859375,135.35000610351562,133.38999938964844,134.52000427246094,129.34519958496094,1896200,HCA
2018-09-26,135.02000427246094,137.25999450683594,134.49000549316406,136.6300048828125,131.37405395507812,1965300,HCA
2018-09-27,136.67999267578125,138.9600067138672,136.57000732421875,138.3300018310547,133.0086669921875,2427000,HCA
2018-09-28,138.00999450683594,139.3699951171875,136.75999450683594,139.1199951171875,133.7682647705078,2013100,HCA
2018-10-01,139.9499969482422,140.5399932861328,139.16000366210938,140.3000030517578,134.9028778076172,1616000,HCA
2018-10-02,140.3000030517578,141.0500030517578,137.6999969482422,137.92999267578125,132.62405395507812,2151700,HCA
2018-10-03,138.63999938964844,139.05999755859375,137.89999389648438,138.64999389648438,133.31629943847656,1498800,HCA
2018-10-04,138.5800018310547,139.35000610351562,137.94000244140625,139.22000122070312,133.86439514160156,1389000,HCA
2018-10-05,139.22999572753906,140.89999389648438,138.27999877929688,138.97000122070312,133.62400817871094,1512900,HCA
2018-10-08,138.97999572753906,139.35000610351562,137.44000244140625,138.8800048828125,133.53749084472656,1215100,HCA
2018-10-09,139.16000366210938,141.11000061035156,138.60000610351562,139.5800018310547,134.21054077148438,1649800,HCA
2018-10-10,139.77000427246094,139.99000549316406,134.99000549316406,135.08999633789062,129.89329528808594,1642300,HCA
2018-10-11,136.41000366210938,137.6699981689453,132.24000549316406,132.42999267578125,127.33560943603516,1940600,HCA
2018-10-12,133.99000549316406,135.7100067138672,132.72999572753906,133.86000061035156,128.71058654785156,1605800,HCA
2018-10-15,133.9600067138672,134.22000122070312,132.67999267578125,132.75999450683594,127.65290832519531,1422600,HCA
2018-10-16,133.9499969482422,135.74000549316406,132.33999633789062,135.5,130.28750610351562,1908800,HCA
2018-10-17,136.35000610351562,137.0,134.17999267578125,136.47000122070312,131.22021484375,1552000,HCA
2018-10-18,137.17999267578125,137.8800048828125,135.33999633789062,136.3699951171875,131.12403869628906,2227200,HCA
2018-10-19,136.35000610351562,136.94000244140625,133.3699951171875,133.7100067138672,128.56642150878906,2247300,HCA
2018-10-22,134.02999877929688,134.97999572753906,131.57000732421875,132.36000061035156,127.268310546875,2356200,HCA
2018-10-23,130.27999877929688,130.8699951171875,127.5,130.6300048828125,125.60487365722656,2294500,HCA
2018-10-24,130.27999877929688,131.75999450683594,126.22000122070312,126.5,121.63372039794922,2084100,HCA
2018-10-25,127.0,128.74000549316406,126.51000213623047,127.05999755859375,122.17219543457031,1595600,HCA
2018-10-26,125.12999725341797,128.66000366210938,124.31999969482422,127.86000061035156,122.94139862060547,2469600,HCA
2018-10-29,129.22999572753906,132.0800018310547,128.7899932861328,129.0,124.03756713867188,4097500,HCA
2018-10-30,128.0,136.07000732421875,121.16999816894531,135.2100067138672,130.00869750976562,4695800,HCA
2018-10-31,134.8699951171875,137.16000366210938,133.02999877929688,133.52999877929688,128.39328002929688,2536200,HCA
2018-11-01,135.1300048828125,136.6999969482422,133.64999389648438,135.69000244140625,130.47018432617188,2013300,HCA
2018-11-02,136.52000427246094,138.30999755859375,133.8000030517578,134.44000244140625,129.26828002929688,2084300,HCA
2018-11-05,135.0500030517578,136.94000244140625,134.5500030517578,135.36000061035156,130.1529083251953,2047000,HCA
2018-11-06,135.02000427246094,136.3000030517578,134.27000427246094,135.24000549316406,130.03750610351562,1534300,HCA
2018-11-07,136.60000610351562,141.88999938964844,136.0800018310547,141.64999389648438,136.200927734375,2345200,HCA
2018-11-08,141.5,143.02999877929688,140.0399932861328,141.6300048828125,136.18170166015625,2216300,HCA
2018-11-09,141.89999389648438,144.17999267578125,141.63999938964844,143.9499969482422,138.4124298095703,1903200,HCA
2018-11-12,144.0,144.9600067138672,141.66000366210938,141.91000366210938,136.45094299316406,1426800,HCA
2018-11-13,142.1199951171875,143.3800048828125,140.5399932861328,141.5399932861328,136.0951690673828,1538400,HCA
2018-11-14,142.72999572753906,143.05999755859375,138.64999389648438,139.85000610351562,134.47018432617188,1985000,HCA
2018-11-15,139.11000061035156,139.60000610351562,135.97000122070312,137.74000549316406,132.4413604736328,2628200,HCA
2018-11-16,138.16000366210938,140.33999633789062,137.82000732421875,140.2899932861328,134.89321899414062,2388800,HCA
2018-11-19,140.22000122070312,141.47000122070312,134.57000732421875,135.16000366210938,129.96058654785156,2693700,HCA
2018-11-20,134.25,136.1999969482422,133.47999572753906,135.08999633789062,129.89329528808594,1653000,HCA
2018-11-21,136.11000061035156,136.4600067138672,134.5500030517578,134.80999755859375,129.62403869628906,1906100,HCA
2018-11-23,133.80999755859375,136.47000122070312,133.80999755859375,134.92999267578125,129.73941040039062,570000,HCA
2018-11-26,135.74000549316406,137.32000732421875,134.99000549316406,135.50999450683594,130.29714965820312,2047400,HCA
2018-11-27,134.99000549316406,138.47000122070312,134.72999572753906,138.07000732421875,132.75865173339844,1962000,HCA
2018-11-28,139.02000427246094,144.4199981689453,138.99000549316406,144.3800048828125,138.825927734375,2458500,HCA
2018-11-29,143.52000427246094,145.74000549316406,142.86000061035156,144.5,138.94126892089844,1819900,HCA
2018-11-30,144.22999572753906,144.9600067138672,142.82000732421875,143.99000549316406,138.7870635986328,2214300,HCA
2018-12-03,145.69000244140625,146.5,143.74000549316406,146.2899932861328,141.0039520263672,1385000,HCA
2018-12-04,146.10000610351562,147.4199981689453,141.5800018310547,142.1300048828125,136.99429321289062,3066900,HCA
2018-12-06,140.91000366210938,141.97000122070312,136.49000549316406,140.85000610351562,135.76052856445312,2121900,HCA
2018-12-07,140.2899932861328,141.11000061035156,135.52000427246094,135.86000061035156,130.95082092285156,1829800,HCA
2018-12-10,135.61000061035156,136.25,129.92999267578125,134.1199951171875,129.27374267578125,1987400,HCA
2018-12-11,135.4199981689453,136.38999938964844,132.89999389648438,133.88999938964844,129.05203247070312,1169100,HCA
2018-12-12,135.44000244140625,137.41000366210938,134.77999877929688,134.9600067138672,130.0833740234375,2356600,HCA
2018-12-13,135.47999572753906,137.6199951171875,134.44000244140625,136.32000732421875,131.39422607421875,2377100,HCA
2018-12-14,134.3699951171875,134.3699951171875,125.54000091552734,126.7300033569336,122.1507568359375,2450300,HCA
2018-12-17,120.0,124.61000061035156,119.30999755859375,123.12000274658203,118.67119598388672,3510500,HCA
2018-12-18,124.36000061035156,127.20999908447266,123.37000274658203,125.30999755859375,120.78205108642578,2391100,HCA
2018-12-19,125.38999938964844,125.80000305175781,120.52999877929688,122.25,117.8326187133789,2103200,HCA
2018-12-20,121.8499984741211,122.66999816894531,118.7300033569336,119.8499984741211,115.51934814453125,2185400,HCA
2018-12-21,119.8499984741211,123.5,118.97000122070312,120.08000183105469,115.74105072021484,3192800,HCA
2018-12-24,119.70999908447266,120.5199966430664,115.72000122070312,116.12999725341797,111.93375396728516,971100,HCA
2018-12-26,116.7300033569336,121.29000091552734,116.18000030517578,121.29000091552734,116.90730285644531,1275000,HCA
2018-12-27,119.52999877929688,122.37999725341797,117.04000091552734,122.37999725341797,117.95792388916016,1641600,HCA
2018-12-28,123.06999969482422,124.0999984741211,121.61000061035156,122.51000213623047,118.083251953125,1117300,HCA
2018-12-31,123.4800033569336,124.86000061035156,123.0999984741211,124.44999694824219,119.95310974121094,1206400,HCA
2019-01-02,122.91000366210938,123.05999755859375,120.08999633789062,121.76000213623047,117.36034393310547,1501300,HCA
2019-01-03,120.81999969482422,122.56999969482422,119.12000274658203,119.44000244140625,115.12416076660156,1817300,HCA
2019-01-04,121.19000244140625,123.9800033569336,121.19000244140625,123.38999938964844,118.93144226074219,1487100,HCA
2019-01-07,123.62000274658203,125.5199966430664,123.48999786376953,124.44000244140625,119.9435043334961,2906500,HCA
2019-01-08,126.01000213623047,126.66999816894531,124.31999969482422,126.19000244140625,121.6302719116211,1066600,HCA
2019-01-09,127.0999984741211,128.89999389648438,126.83999633789062,128.3000030517578,123.66400909423828,1857100,HCA
2019-01-10,127.75,129.82000732421875,127.08999633789062,129.75,125.0616226196289,960200,HCA
2019-01-11,129.2100067138672,129.69000244140625,128.25999450683594,129.13999938964844,124.47367095947266,1466100,HCA
2019-01-14,128.3300018310547,130.47000122070312,127.94999694824219,129.25999450683594,124.58932495117188,992800,HCA
2019-01-15,129.6199951171875,132.6300048828125,129.25999450683594,131.49000549316406,126.73875427246094,2168800,HCA
2019-01-16,131.74000549316406,133.2899932861328,131.22999572753906,132.30999755859375,127.52912139892578,1318000,HCA
2019-01-17,131.80999755859375,134.94000244140625,131.75,134.05999755859375,129.2158966064453,961800,HCA
2019-01-18,135.11000061035156,136.08999633789062,133.74000549316406,134.5399932861328,129.6785430908203,2233600,HCA
2019-01-22,133.75999450683594,134.41000366210938,131.5,132.97000122070312,128.16529846191406,2039800,HCA
2019-01-23,133.11000061035156,135.32000732421875,132.47000122070312,133.7899932861328,128.95562744140625,1561200,HCA
2019-01-24,133.91000366210938,134.75,132.66000366210938,132.69000244140625,127.89539337158203,1187300,HCA
2019-01-25,133.85000610351562,134.4600067138672,132.60000610351562,132.89999389648438,128.09779357910156,1909800,HCA
2019-01-28,132.11000061035156,132.2100067138672,130.0800018310547,131.72999572753906,126.97005462646484,1812900,HCA
2019-01-29,135.0,138.10000610351562,132.00999450683594,138.02999877929688,133.04241943359375,2669700,HCA
2019-01-30,138.22999572753906,139.47000122070312,136.89999389648438,139.05999755859375,134.0352020263672,2259000,HCA
2019-01-31,138.88999938964844,140.5399932861328,138.55999755859375,139.42999267578125,134.391845703125,1880100,HCA
2019-02-01,139.07000732421875,140.97000122070312,138.38999938964844,139.7100067138672,134.66172790527344,1866700,HCA
2019-02-04,138.99000549316406,139.3699951171875,137.6199951171875,138.75999450683594,133.74606323242188,1334100,HCA
2019-02-05,139.07000732421875,140.47000122070312,139.00999450683594,139.72000122070312,134.6713409423828,1037300,HCA
2019-02-06,139.0800018310547,140.0800018310547,138.0399932861328,140.02999877929688,134.9701385498047,902600,HCA
2019-02-07,139.5399932861328,140.9600067138672,138.97000122070312,140.6199951171875,135.53880310058594,1241300,HCA
2019-02-08,139.91000366210938,140.42999267578125,138.10000610351562,139.52999877929688,134.48822021484375,996900,HCA
2019-02-11,139.33999633789062,139.5800018310547,137.30999755859375,138.66000366210938,133.64967346191406,1015400,HCA
2019-02-12,139.13999938964844,140.52999877929688,138.4499969482422,140.22000122070312,135.15330505371094,1076400,HCA
2019-02-13,140.4499969482422,141.36000061035156,139.66000366210938,140.88999938964844,135.79908752441406,745700,HCA
2019-02-14,140.25,142.75999450683594,139.5800018310547,142.22000122070312,137.0810546875,1035600,HCA
2019-02-15,143.22999572753906,144.3000030517578,142.6199951171875,144.25999450683594,139.0473175048828,1176600,HCA
2019-02-19,143.80999755859375,145.22999572753906,143.00999450683594,143.58999633789062,138.40151977539062,1418800,HCA
2019-02-20,143.08999633789062,143.64999389648438,142.02000427246094,142.3300018310547,137.18707275390625,1640900,HCA
2019-02-21,142.32000732421875,142.8000030517578,141.16000366210938,142.00999450683594,136.8786163330078,1714600,HCA
2019-02-22,142.3300018310547,144.97999572753906,142.25999450683594,144.0399932861328,138.83526611328125,898100,HCA
2019-02-25,144.0399932861328,145.5500030517578,143.0800018310547,143.25999450683594,138.0834503173828,1433200,HCA
2019-02-26,143.3300018310547,143.9600067138672,142.2100067138672,142.52000427246094,137.3701934814453,1332700,HCA
2019-02-27,141.66000366210938,143.1699981689453,138.16000366210938,138.80999755859375,133.7942657470703,1279300,HCA
2019-02-28,137.72999572753906,140.85000610351562,137.72999572753906,139.0399932861328,134.4032440185547,1718800,HCA
2019-03-01,139.36000061035156,140.5500030517578,138.25999450683594,138.47000122070312,133.85223388671875,1997100,HCA
2019-03-04,139.11000061035156,139.52000427246094,135.0800018310547,136.10000610351562,131.56126403808594,2334500,HCA
2019-03-05,136.3800048828125,136.5399932861328,134.77999877929688,135.38999938964844,130.87493896484375,2257000,HCA
2019-03-06,135.07000732421875,135.58999633789062,128.52000427246094,128.72999572753906,124.43705749511719,3543000,HCA
2019-03-07,128.9600067138672,129.60000610351562,126.37000274658203,126.88999938964844,122.6584243774414,3655600,HCA
2019-03-08,125.51000213623047,126.58999633789062,124.04000091552734,124.73999786376953,120.58012390136719,1700400,HCA
2019-03-11,124.70999908447266,126.12999725341797,124.05000305175781,125.88999938964844,121.69176483154297,3133000,HCA
2019-03-12,126.2699966430664,129.42999267578125,126.2699966430664,128.8800048828125,124.5820541381836,2694800,HCA
2019-03-13,129.00999450683594,131.4499969482422,128.36000061035156,130.82000732421875,126.4573974609375,1584800,HCA
2019-03-14,130.82000732421875,132.2899932861328,130.58999633789062,131.77000427246094,127.37570190429688,1756200,HCA
2019-03-15,132.72000122070312,133.47999572753906,132.3000030517578,132.35000610351562,127.93636322021484,2924400,HCA
2019-03-18,132.22999572753906,134.80999755859375,131.64999389648438,134.75,130.2563018798828,2385900,HCA
2019-03-19,135.1300048828125,137.30999755859375,134.55999755859375,136.6199951171875,132.06393432617188,1767400,HCA
2019-03-20,136.55999755859375,136.6999969482422,134.6300048828125,135.0800018310547,130.57528686523438,1759900,HCA
2019-03-21,134.3000030517578,137.05999755859375,134.0,136.91000366210938,132.34429931640625,770000,HCA
2019-03-22,136.0,136.75,134.42999267578125,134.44000244140625,129.95663452148438,1560100,HCA
2019-03-25,133.75,133.77999877929688,131.57000732421875,132.66000366210938,128.23602294921875,1305500,HCA
2019-03-26,133.1699981689453,133.3699951171875,129.52000427246094,129.75,125.42304992675781,1717700,HCA
2019-03-27,129.25999450683594,130.39999389648438,127.76000213623047,128.67999267578125,124.38872528076172,1427600,HCA
2019-03-28,129.3300018310547,129.35000610351562,127.80000305175781,128.66000366210938,124.3694076538086,1031500,HCA
2019-03-29,129.3699951171875,130.77000427246094,128.41000366210938,130.3800048828125,126.03202056884766,1410600,HCA
2019-04-01,131.63999938964844,132.25,130.85000610351562,131.97999572753906,127.57866668701172,1405500,HCA
2019-04-02,131.8300018310547,131.9499969482422,129.6699981689453,130.64999389648438,126.29302978515625,958400,HCA
2019-04-03,131.49000549316406,132.14999389648438,130.9199981689453,131.2100067138672,126.83435821533203,994000,HCA
2019-04-04,131.50999450683594,132.5800018310547,131.02999877929688,132.35000610351562,127.93636322021484,1488700,HCA
2019-04-05,132.55999755859375,134.38999938964844,132.47999572753906,134.0800018310547,129.608642578125,1592400,HCA
2019-04-08,133.47000122070312,133.6999969482422,131.72000122070312,131.83999633789062,127.44332122802734,993000,HCA
2019-04-09,131.27000427246094,132.80999755859375,130.88999938964844,132.27999877929688,127.86865997314453,1132000,HCA
2019-04-10,132.8800048828125,134.6999969482422,132.2899932861328,133.92999267578125,129.46365356445312,1111400,HCA
2019-04-11,134.08999633789062,134.72000122070312,129.67999267578125,130.1300048828125,125.79035949707031,1020800,HCA
2019-04-12,130.6300048828125,132.2899932861328,127.5199966430664,127.87000274658203,123.60575103759766,2693200,HCA
2019-04-15,128.00999450683594,128.25,126.37999725341797,127.08999633789062,122.85174560546875,1651100,HCA
2019-04-16,128.1699981689453,128.1699981689453,113.61000061035156,114.37999725341797,110.56560516357422,5138500,HCA
2019-04-17,114.76000213623047,115.26000213623047,110.30999755859375,112.01000213623047,108.27465057373047,3955700,HCA
2019-04-18,111.8499984741211,115.69999694824219,111.77999877929688,115.23999786376953,111.39693450927734,3832200,HCA
2019-04-22,115.16999816894531,117.29000091552734,113.94999694824219,115.0,111.16494750976562,3140700,HCA
2019-04-23,116.36000061035156,121.5,116.2300033569336,120.18000030517578,116.17218780517578,3050300,HCA
2019-04-24,120.25,125.44999694824219,120.18000030517578,123.83999633789062,119.71011352539062,3483800,HCA
2019-04-25,123.25,125.05000305175781,122.61000061035156,124.55999755859375,120.40611267089844,1425400,HCA
2019-04-26,124.0,125.62000274658203,121.83999633789062,125.55000305175781,121.36312103271484,1887500,HCA
2019-04-29,125.77999877929688,126.05999755859375,123.55000305175781,125.41999816894531,121.23743438720703,2223000,HCA
2019-04-30,130.4600067138672,131.58999633789062,123.58000183105469,127.2300033569336,122.98707580566406,3623900,HCA
2019-05-01,126.80000305175781,127.56999969482422,123.01000213623047,124.08999633789062,119.9518051147461,2823500,HCA
2019-05-02,124.30999755859375,125.75,122.72000122070312,125.5199966430664,121.3341064453125,2810200,HCA
2019-05-03,126.29000091552734,126.44000244140625,124.3499984741211,125.61000061035156,121.4211196899414,1580700,HCA
2019-05-06,123.4800033569336,128.89999389648438,123.18000030517578,128.77999877929688,124.48539733886719,1824900,HCA
2019-05-07,127.1500015258789,128.74000549316406,125.05000305175781,126.51000213623047,122.29109954833984,1859900,HCA
2019-05-08,126.30999755859375,126.5,124.94000244140625,125.08999633789062,120.91844940185547,2050000,HCA
2019-05-09,123.69999694824219,125.13999938964844,122.52999877929688,124.5999984741211,120.44477844238281,1475500,HCA
2019-05-10,124.55000305175781,125.0,121.1500015258789,123.75,119.62313079833984,1152900,HCA
2019-05-13,121.55999755859375,122.45999908447266,119.62000274658203,122.16999816894531,118.09581756591797,1588000,HCA
2019-05-14,122.3499984741211,123.73999786376953,121.8499984741211,122.23999786376953,118.16349029541016,1409100,HCA
2019-05-15,121.70999908447266,124.13999938964844,120.61000061035156,123.18000030517578,119.07215118408203,1252300,HCA
2019-05-16,123.33999633789062,124.4800033569336,122.23999786376953,122.69999694824219,118.608154296875,1430600,HCA
2019-05-17,121.13999938964844,124.91000366210938,121.13999938964844,123.51000213623047,119.39115142822266,1216100,HCA
2019-05-20,122.79000091552734,126.05999755859375,122.79000091552734,125.69000244140625,121.49844360351562,1976700,HCA
2019-05-21,126.66000366210938,128.77000427246094,126.23999786376953,128.2100067138672,123.93441772460938,1683400,HCA
2019-05-22,127.41000366210938,128.47000122070312,127.05000305175781,128.2100067138672,123.93441772460938,1012900,HCA
2019-05-23,127.43000030517578,127.6500015258789,125.54000091552734,126.70999908447266,122.48442077636719,2532000,HCA
2019-05-24,126.12999725341797,127.52999877929688,122.75,123.83999633789062,119.71011352539062,2335000,HCA
2019-05-28,123.30999755859375,125.73999786376953,123.0199966430664,123.04000091552734,118.93681335449219,2719800,HCA
2019-05-29,122.91000366210938,123.04000091552734,120.87999725341797,121.86000061035156,117.79617309570312,1136000,HCA
2019-05-30,122.44000244140625,123.51000213623047,121.3499984741211,122.56999969482422,118.48249053955078,1044800,HCA
2019-05-31,121.47000122070312,122.3499984741211,119.94000244140625,120.95999908447266,117.30900573730469,1558300,HCA
2019-06-03,121.0,123.69000244140625,120.0,123.02999877929688,119.31652069091797,1588300,HCA
2019-06-04,124.04000091552734,126.2300033569336,123.9000015258789,125.52999877929688,121.7410659790039,2470400,HCA
2019-06-05,126.83000183105469,126.83000183105469,123.94000244140625,124.75,120.98460388183594,1981100,HCA
2019-06-06,125.12000274658203,126.81999969482422,124.47000122070312,126.01000213623047,122.20658111572266,987800,HCA
2019-06-07,126.70999908447266,129.10000610351562,126.6500015258789,128.41000366210938,124.53414154052734,1035000,HCA
2019-06-10,129.0,131.22999572753906,128.7899932861328,130.27000427246094,126.3380126953125,1180200,HCA
2019-06-11,130.33999633789062,130.36000061035156,126.88999938964844,128.0399932861328,124.17530059814453,2082800,HCA
2019-06-12,127.62999725341797,127.62999725341797,124.76000213623047,126.7300033569336,122.90486145019531,1173000,HCA
2019-06-13,126.83999633789062,127.66999816894531,125.94000244140625,127.37999725341797,123.53523254394531,1001000,HCA
2019-06-14,127.5999984741211,128.25,126.05000305175781,126.62999725341797,122.80786895751953,748800,HCA
2019-06-17,126.48999786376953,128.27999877929688,125.86000061035156,128.1699981689453,124.30137634277344,911800,HCA
2019-06-18,128.49000549316406,130.30999755859375,127.66000366210938,129.05999755859375,125.1645278930664,1125800,HCA
2019-06-19,129.61000061035156,130.97999572753906,127.5,130.10000610351562,126.17312622070312,1073800,HCA
2019-06-20,131.22999572753906,132.30999755859375,126.20999908447266,128.0800018310547,124.21410369873047,2082900,HCA
2019-06-21,127.70999908447266,128.94000244140625,125.7699966430664,128.22999572753906,124.35956573486328,1819400,HCA
2019-06-24,130.0,131.55999755859375,129.27000427246094,131.08999633789062,127.13323211669922,1551500,HCA
2019-06-25,131.52999877929688,136.33999633789062,130.63999938964844,135.17999267578125,131.0997772216797,3246300,HCA
2019-06-26,135.0,135.07000732421875,132.22000122070312,133.66000366210938,129.62567138671875,2027100,HCA
2019-06-27,134.0800018310547,135.86000061035156,133.75,134.10000610351562,130.05242919921875,1330300,HCA
2019-06-28,134.10000610351562,135.61000061035156,132.3300018310547,135.1699981689453,131.090087890625,1885800,HCA
2019-07-01,136.36000061035156,136.39999389648438,133.7899932861328,134.5399932861328,130.47911071777344,1286600,HCA
2019-07-02,134.77999877929688,135.85000610351562,132.3699951171875,135.33999633789062,131.2549591064453,957800,HCA
2019-07-03,136.1199951171875,138.27999877929688,136.07000732421875,138.17999267578125,134.0092315673828,805700,HCA
2019-07-05,137.22000122070312,138.55999755859375,135.75999450683594,138.52999877929688,134.3487091064453,1139500,HCA
2019-07-08,137.64999389648438,138.60000610351562,136.86000061035156,137.36000061035156,133.2139892578125,1289200,HCA
2019-07-09,135.85000610351562,137.3800048828125,132.3300018310547,134.99000549316406,130.91555786132812,1355400,HCA
2019-07-10,138.38999938964844,138.38999938964844,135.83999633789062,136.67999267578125,132.55453491210938,1220400,HCA
2019-07-11,139.22999572753906,139.47000122070312,136.1999969482422,138.64999389648438,134.46502685546875,1412800,HCA
2019-07-12,138.61000061035156,141.77999877929688,138.2100067138672,141.50999450683594,137.23873901367188,1201300,HCA
2019-07-15,141.16000366210938,142.02000427246094,138.38999938964844,140.9199981689453,136.6665496826172,1104300,HCA
2019-07-16,140.92999267578125,141.86000061035156,139.66000366210938,139.6999969482422,135.48336791992188,1124800,HCA
2019-07-17,139.69000244140625,142.0,138.77999877929688,139.97000122070312,135.74522399902344,1295000,HCA
2019-07-18,140.00999450683594,141.75999450683594,138.9199981689453,141.22999572753906,136.96717834472656,1059300,HCA
2019-07-19,141.4499969482422,141.97000122070312,139.41000366210938,139.47999572753906,135.27000427246094,1092700,HCA
2019-07-22,140.1699981689453,141.39999389648438,139.6999969482422,140.57000732421875,136.32711791992188,1234100,HCA
2019-07-23,140.75999450683594,141.0,138.67999267578125,140.6699981689453,136.42408752441406,1166600,HCA
2019-07-24,140.22999572753906,143.5399932861328,138.85000610351562,143.2899932861328,138.9650115966797,1278500,HCA
2019-07-25,143.4499969482422,143.47999572753906,141.3699951171875,141.8699951171875,137.587890625,1042600,HCA
2019-07-26,144.50999450683594,146.0399932861328,143.74000549316406,145.05999755859375,140.6815643310547,2639400,HCA
2019-07-29,145.0,146.9600067138672,144.05999755859375,146.16000366210938,141.7483673095703,2752700,HCA
2019-07-30,131.2899932861328,136.9499969482422,128.32000732421875,132.8000030517578,128.7916259765625,6907300,HCA
2019-07-31,132.4499969482422,136.22000122070312,132.1999969482422,133.50999450683594,129.48020935058594,3187400,HCA
2019-08-01,133.19000244140625,133.19000244140625,128.52999877929688,129.5399932861328,125.6300048828125,1631800,HCA
2019-08-02,129.1699981689453,130.0,126.37000274658203,127.13999938964844,123.30247497558594,1608200,HCA
2019-08-05,125.80000305175781,126.16000366210938,122.25,123.54000091552734,119.8111343383789,1867600,HCA
2019-08-06,124.37000274658203,125.37000274658203,121.83999633789062,124.33000183105469,120.57730102539062,1578400,HCA
2019-08-07,123.26000213623047,126.37000274658203,122.01000213623047,126.0999984741211,122.29386138916016,1588600,HCA
2019-08-08,126.16999816894531,127.0999984741211,125.05000305175781,126.62000274658203,122.79817962646484,1722300,HCA
2019-08-09,127.7300033569336,128.47000122070312,126.41000366210938,127.5,123.65159606933594,1358300,HCA
2019-08-12,126.55999755859375,127.01000213623047,124.54000091552734,125.80000305175781,122.0029296875,1748400,HCA
2019-08-13,125.1500015258789,129.25,125.1500015258789,127.9000015258789,124.0395278930664,1206300,HCA
2019-08-14,125.8499984741211,126.48999786376953,122.54000091552734,123.2699966430664,119.5492935180664,2222600,HCA
2019-08-15,123.29000091552734,124.30999755859375,122.43000030517578,123.2699966430664,119.5492935180664,1643100,HCA
2019-08-16,124.01000213623047,125.69000244140625,123.08999633789062,123.93000030517578,120.18934631347656,1447800,HCA
2019-08-19,125.8499984741211,125.93000030517578,122.43000030517578,124.61000061035156,120.84884643554688,1084800,HCA
2019-08-20,124.3499984741211,124.58999633789062,122.44000244140625,123.19000244140625,119.47169494628906,1823700,HCA
2019-08-21,123.56999969482422,124.19000244140625,122.83000183105469,123.58000183105469,119.84992980957031,1336500,HCA
2019-08-22,124.01000213623047,124.16999816894531,122.19000244140625,122.23999786376953,118.55037689208984,1276300,HCA
2019-08-23,122.29000091552734,123.30999755859375,119.08999633789062,119.77999877929688,116.16462707519531,1394600,HCA
2019-08-26,120.70999908447266,120.83999633789062,119.47000122070312,120.41000366210938,116.77561950683594,999100,HCA
2019-08-27,120.87000274658203,121.62000274658203,117.4000015258789,117.4000015258789,113.8564682006836,1194800,HCA
2019-08-28,117.0,119.56999969482422,116.62999725341797,119.05000305175781,115.4566650390625,973000,HCA
2019-08-29,120.19000244140625,121.22000122070312,119.55000305175781,120.75,117.1053466796875,1089700,HCA
2019-08-30,121.30000305175781,121.55999755859375,119.95999908447266,120.19999694824219,116.95940399169922,827400,HCA
2019-09-03,119.0,120.5999984741211,118.36000061035156,119.95999908447266,116.72586059570312,1946700,HCA
2019-09-04,121.36000061035156,122.55000305175781,120.45999908447266,121.30999755859375,118.0394515991211,1233600,HCA
2019-09-05,122.08000183105469,124.3499984741211,121.5999984741211,124.25,120.90019226074219,1872000,HCA
2019-09-06,126.12000274658203,126.76000213623047,124.2699966430664,126.0999984741211,122.70032501220703,1495800,HCA
2019-09-09,126.26000213623047,128.35000610351562,125.30000305175781,127.51000213623047,124.07231140136719,1342600,HCA
2019-09-10,127.33999633789062,130.27999877929688,127.05000305175781,130.10000610351562,126.59249877929688,2101300,HCA
2019-09-11,129.61000061035156,131.30999755859375,129.0,131.27000427246094,127.73096466064453,1793700,HCA
2019-09-12,131.9499969482422,132.49000549316406,128.6199951171875,128.69000244140625,125.22048950195312,1135000,HCA
2019-09-13,129.5,131.25,128.77999877929688,129.07000732421875,125.5902328491211,1005000,HCA
2019-09-16,128.64999389648438,129.55999755859375,128.1199951171875,128.9499969482422,125.47348022460938,992100,HCA
2019-09-17,128.42999267578125,128.42999267578125,124.87999725341797,124.98999786376953,121.62025451660156,1586300,HCA
2019-09-18,124.33000183105469,125.87000274658203,123.37999725341797,125.52999877929688,122.14569091796875,1798800,HCA
2019-09-19,126.04000091552734,128.1300048828125,125.5999984741211,126.81999969482422,123.40090942382812,1233900,HCA
2019-09-20,127.38999938964844,127.58999633789062,124.08999633789062,124.27999877929688,120.92938995361328,2265100,HCA
2019-09-23,123.9000015258789,124.9000015258789,122.16999816894531,123.44000244140625,120.1120376586914,1952900,HCA
2019-09-24,124.0,124.19000244140625,120.87000274658203,121.29000091552734,118.0199966430664,1840900,HCA
2019-09-25,120.75,121.25,118.11000061035156,119.0999984741211,115.88904571533203,1440100,HCA
2019-09-26,119.5999984741211,119.98999786376953,116.52999877929688,118.12999725341797,114.94520568847656,1938700,HCA
2019-09-27,118.91000366210938,120.83999633789062,118.55999755859375,118.95999908447266,115.75282287597656,1401100,HCA
2019-09-30,118.9000015258789,121.66000366210938,118.43000030517578,120.41999816894531,117.17344665527344,2486800,HCA
2019-10-01,120.7300033569336,121.43000030517578,115.75,117.04000091552734,113.88458251953125,1643200,HCA
2019-10-02,116.05999755859375,116.37000274658203,114.12999725341797,115.08999633789062,111.9871597290039,1554000,HCA
2019-10-03,114.81999969482422,116.29000091552734,114.2300033569336,115.94999694824219,112.8239517211914,1194300,HCA
2019-10-04,116.44999694824219,117.94000244140625,116.11000061035156,117.62000274658203,114.44895935058594,1189400,HCA
2019-10-07,117.20999908447266,119.06999969482422,117.18000030517578,118.18000030517578,114.99386596679688,1725800,HCA
2019-10-08,117.4000015258789,117.69000244140625,116.19000244140625,116.63999938964844,113.49537658691406,1264900,HCA
2019-10-09,117.69999694824219,118.29000091552734,117.44999694824219,117.55000305175781,114.38084411621094,1194200,HCA
2019-10-10,118.1500015258789,119.66000366210938,117.63999938964844,118.55999755859375,115.36360931396484,930800,HCA
2019-10-11,119.52999877929688,122.30999755859375,119.47000122070312,120.43000030517578,117.18318939208984,1149700,HCA
2019-10-14,120.01000213623047,120.37000274658203,119.04000091552734,119.43000030517578,116.21015167236328,584200,HCA
2019-10-15,120.62999725341797,122.62999725341797,120.12000274658203,121.51000213623047,118.23407745361328,1045900,HCA
2019-10-16,121.69000244140625,121.94999694824219,120.93000030517578,121.43000030517578,118.15624237060547,1077200,HCA
2019-10-17,122.22000122070312,123.02999877929688,121.63999938964844,122.80000305175781,119.48928833007812,806000,HCA
2019-10-18,122.73999786376953,124.0199966430664,122.18000030517578,123.63999938964844,120.306640625,1206500,HCA
2019-10-21,123.6500015258789,125.05999755859375,123.20999908447266,123.61000061035156,120.27745056152344,842500,HCA
2019-10-22,124.13999938964844,126.06999969482422,123.23999786376953,125.2300033569336,121.85377502441406,1013200,HCA
2019-10-23,125.16000366210938,126.70999908447266,124.94000244140625,125.25,121.87323760986328,921800,HCA
2019-10-24,125.87000274658203,125.91999816894531,124.20999908447266,125.0,121.6299819946289,877400,HCA
2019-10-25,123.75,127.02999877929688,122.77999877929688,126.2699966430664,122.86573791503906,1228700,HCA
2019-10-28,126.30000305175781,127.77999877929688,126.2699966430664,126.87000274658203,123.44957733154297,1501100,HCA
2019-10-29,133.88999938964844,136.05999755859375,130.0,134.99000549316406,131.35067749023438,3158600,HCA
2019-10-30,134.4199981689453,135.1300048828125,132.75,134.77000427246094,131.13658142089844,1501100,HCA
2019-10-31,134.5800018310547,134.8800048828125,131.99000549316406,133.5399932861328,129.93972778320312,2405900,HCA
2019-11-01,134.61000061035156,136.33999633789062,133.61000061035156,133.64999389648438,130.04676818847656,1483900,HCA
2019-11-04,133.85000610351562,136.33999633789062,133.22999572753906,136.22000122070312,132.5474853515625,2345100,HCA
2019-11-05,136.6699981689453,137.94000244140625,134.30999755859375,134.33999633789062,130.71820068359375,1194500,HCA
2019-11-06,134.82000732421875,135.22999572753906,133.41000366210938,134.8699951171875,131.23390197753906,1016900,HCA
2019-11-07,135.85000610351562,137.0,135.5800018310547,136.2100067138672,132.53778076171875,1840100,HCA
2019-11-08,136.0,137.72999572753906,135.75,136.83999633789062,133.15077209472656,879600,HCA
2019-11-11,135.75999450683594,136.24000549316406,134.5399932861328,135.3300018310547,131.68148803710938,886700,HCA
2019-11-12,135.5399932861328,136.2100067138672,134.6300048828125,135.13999938964844,131.49659729003906,962400,HCA
2019-11-13,134.22999572753906,135.25999450683594,133.8699951171875,134.38999938964844,130.76681518554688,1033400,HCA
2019-11-14,134.5800018310547,135.86000061035156,134.17999267578125,134.49000549316406,130.86412048339844,1038100,HCA
2019-11-15,133.47000122070312,140.0399932861328,133.10000610351562,138.0500030517578,134.328125,3044000,HCA
2019-11-18,137.8800048828125,138.6699981689453,136.22999572753906,136.77999877929688,133.09239196777344,1455900,HCA
2019-11-19,137.1199951171875,138.83999633789062,136.24000549316406,138.80999755859375,135.06768798828125,2353800,HCA
2019-11-20,138.69000244140625,140.27999877929688,137.74000549316406,139.75999450683594,135.9920654296875,2356000,HCA
2019-11-21,139.57000732421875,140.16000366210938,138.27999877929688,139.2899932861328,135.53469848632812,1367800,HCA
2019-11-22,140.22999572753906,140.36000061035156,138.63999938964844,139.1999969482422,135.44715881347656,1210900,HCA
2019-11-25,139.9199981689453,141.88999938964844,138.89999389648438,141.5399932861328,137.72406005859375,1515300,HCA
2019-11-26,141.38999938964844,141.38999938964844,138.8699951171875,138.89999389648438,135.15524291992188,1369100,HCA
2019-11-27,139.69000244140625,141.27999877929688,139.17999267578125,139.92999267578125,136.15744018554688,1033200,HCA
2019-11-29,138.86000061035156,139.82000732421875,138.0800018310547,138.66000366210938,135.30850219726562,619400,HCA
2019-12-02,139.02000427246094,140.16000366210938,138.38999938964844,138.49000549316406,135.14260864257812,951800,HCA
2019-12-03,137.00999450683594,138.77000427246094,136.39999389648438,138.1699981689453,134.83033752441406,1407200,HCA
2019-12-04,138.9199981689453,141.3800048828125,138.6300048828125,140.61000061035156,137.2113800048828,1395400,HCA
2019-12-05,141.30999755859375,141.3699951171875,139.2899932861328,140.67999267578125,137.27969360351562,954900,HCA
2019-12-06,144.0,144.7899932861328,143.2100067138672,144.61000061035156,141.11468505859375,1749100,HCA
2019-12-09,144.0,144.17999267578125,142.44000244140625,142.83999633789062,139.38746643066406,2669900,HCA
2019-12-10,143.0500030517578,143.3800048828125,141.97000122070312,142.44000244140625,138.9971466064453,1156600,HCA
2019-12-11,142.16000366210938,143.72000122070312,142.1199951171875,142.52999877929688,139.08494567871094,1418100,HCA
2019-12-12,142.9199981689453,144.42999267578125,142.3800048828125,143.5800018310547,140.10958862304688,1117900,HCA
2019-12-13,143.17999267578125,144.00999450683594,141.69000244140625,142.86000061035156,139.40699768066406,822400,HCA
2019-12-16,143.91000366210938,144.5399932861328,142.82000732421875,143.6699981689453,140.19740295410156,2277800,HCA
2019-12-17,143.9499969482422,143.9600067138672,143.13999938964844,143.42999267578125,139.96319580078125,1720200,HCA
2019-12-18,143.6199951171875,144.25999450683594,143.33999633789062,144.0800018310547,140.59750366210938,1318100,HCA
2019-12-19,144.47999572753906,146.5,144.35000610351562,145.38999938964844,141.8758087158203,1882300,HCA
2019-12-20,148.25,150.1699981689453,147.0800018310547,147.52999877929688,143.96409606933594,2864700,HCA
2019-12-23,147.0399932861328,149.13999938964844,146.97999572753906,148.75999450683594,145.16436767578125,1309100,HCA
2019-12-24,148.55999755859375,148.6999969482422,147.0,147.97999572753906,144.4032440185547,455000,HCA
2019-12-26,147.91000366210938,149.0399932861328,147.2100067138672,148.27000427246094,144.6862335205078,679900,HCA
2019-12-27,148.30999755859375,149.36000061035156,147.97000122070312,149.25999450683594,145.6522674560547,678000,HCA
2019-12-30,149.35000610351562,149.5399932861328,147.30999755859375,147.5500030517578,143.98361206054688,754800,HCA
2019-12-31,147.39999389648438,148.10000610351562,147.30999755859375,147.80999755859375,144.23731994628906,811600,HCA
2020-01-02,148.16000366210938,148.64999389648438,146.07000732421875,147.49000549316406,143.92506408691406,780100,HCA
2020-01-03,145.27999877929688,148.36000061035156,144.8000030517578,147.94000244140625,144.36419677734375,1191700,HCA
2020-01-06,146.77000427246094,148.77000427246094,146.1999969482422,148.5,144.91062927246094,1059600,HCA
2020-01-07,146.52000427246094,148.7899932861328,146.52000427246094,148.3000030517578,144.7154998779297,817600,HCA
2020-01-08,148.86000061035156,149.75,147.7100067138672,149.27999877929688,145.6717987060547,883200,HCA
2020-01-09,149.41000366210938,149.74000549316406,147.3699951171875,147.4199981689453,143.85678100585938,953000,HCA
2020-01-10,148.05999755859375,148.57000732421875,147.49000549316406,148.13999938964844,144.55934143066406,940500,HCA
2020-01-13,148.4499969482422,148.5399932861328,146.74000549316406,147.16000366210938,143.60304260253906,1869400,HCA
2020-01-14,146.55999755859375,148.3800048828125,146.4499969482422,147.91000366210938,144.33494567871094,1182100,HCA
2020-01-15,148.1300048828125,148.72999572753906,146.9600067138672,147.25,143.6908721923828,1168300,HCA
2020-01-16,147.89999389648438,148.58999633789062,146.8699951171875,147.77000427246094,144.19830322265625,1007500,HCA
2020-01-17,148.27999877929688,148.86000061035156,147.57000732421875,148.39999389648438,144.81304931640625,1685400,HCA
2020-01-21,147.74000549316406,148.2899932861328,146.88999938964844,147.24000549316406,143.68112182617188,1501100,HCA
2020-01-22,148.02999877929688,148.3800048828125,146.58999633789062,147.13999938964844,143.58352661132812,1443900,HCA
2020-01-23,147.13999938964844,147.3000030517578,145.5500030517578,146.69000244140625,143.14442443847656,1084000,HCA
2020-01-24,147.0500030517578,147.33999633789062,142.42999267578125,143.4499969482422,139.98272705078125,1161200,HCA
2020-01-27,141.5,142.67999267578125,140.7899932861328,141.60000610351562,138.17742919921875,1696300,HCA
2020-01-28,147.5,148.0,144.1699981689453,145.5,141.98316955566406,2380000,HCA
2020-01-29,145.83999633789062,147.22000122070312,144.66000366210938,145.24000549316406,141.72943115234375,2031300,HCA
2020-01-30,144.83999633789062,145.25,140.80999755859375,143.4499969482422,139.98272705078125,2193800,HCA
2020-01-31,142.1699981689453,143.1999969482422,137.99000549316406,138.8000030517578,135.44512939453125,3039700,HCA
2020-02-03,139.72999572753906,142.25999450683594,139.10000610351562,141.8000030517578,138.3726043701172,2073600,HCA
2020-02-04,143.17999267578125,145.16000366210938,142.91000366210938,144.3699951171875,140.8804931640625,1504100,HCA
2020-02-05,144.9199981689453,151.25,144.86000061035156,151.0399932861328,147.3892364501953,2331800,HCA
2020-02-06,151.63999938964844,151.92999267578125,148.7100067138672,149.25999450683594,145.6522674560547,1269900,HCA
2020-02-07,148.5,149.07000732421875,144.27999877929688,145.92999267578125,142.40277099609375,2395800,HCA
2020-02-10,145.72999572753906,146.75,145.25999450683594,146.67999267578125,143.1346435546875,1260400,HCA
2020-02-11,147.0,149.63999938964844,146.75999450683594,149.55999755859375,145.94503784179688,1232400,HCA
2020-02-12,150.1199951171875,151.91000366210938,149.5,150.55999755859375,146.9208526611328,1776900,HCA
2020-02-13,149.9600067138672,151.97000122070312,149.3300018310547,150.8800048828125,147.23313903808594,1544800,HCA
2020-02-14,150.83999633789062,150.99000549316406,147.91000366210938,149.57000732421875,145.95480346679688,1822100,HCA
2020-02-18,149.00999450683594,149.5399932861328,146.80999755859375,148.22999572753906,144.6471710205078,1401700,HCA
2020-02-19,148.22999572753906,150.22000122070312,148.0500030517578,150.0800018310547,146.4524383544922,1131900,HCA
2020-02-20,149.69000244140625,149.69000244140625,147.0,148.11000061035156,144.53009033203125,801200,HCA
2020-02-21,147.2100067138672,149.14999389648438,146.8000030517578,148.0,144.4227294921875,800600,HCA
2020-02-24,141.77000427246094,143.25,139.47000122070312,140.02000427246094,136.63565063476562,1515900,HCA
2020-02-25,140.77000427246094,140.92999267578125,132.13999938964844,133.0,129.7853240966797,2268400,HCA
2020-02-26,134.49000549316406,136.27000427246094,128.1999969482422,128.3699951171875,125.26721954345703,2715300,HCA
2020-02-27,126.75,133.8800048828125,125.16000366210938,127.36000061035156,124.2816390991211,3293100,HCA
2020-02-28,123.0,127.52999877929688,122.94999694824219,127.01000213623047,124.3599624633789,4689100,HCA
2020-03-02,127.06999969482422,135.5500030517578,125.01000213623047,135.0500030517578,132.23219299316406,3978900,HCA
2020-03-03,134.82000732421875,138.6999969482422,126.83999633789062,128.77000427246094,126.08323669433594,3250600,HCA
2020-03-04,135.5,140.0,133.69000244140625,135.22999572753906,132.40843200683594,3194200,HCA
2020-03-05,131.36000061035156,132.63999938964844,124.9800033569336,127.83000183105469,125.16284942626953,3389800,HCA
2020-03-06,123.56999969482422,127.43000030517578,122.25,127.19999694824219,124.54600524902344,2732900,HCA
2020-03-09,119.41999816894531,121.33999633789062,110.51000213623047,116.73999786376953,114.30422973632812,3248400,HCA
2020-03-10,120.83000183105469,122.26000213623047,113.37999725341797,120.87000274658203,118.34806823730469,3247100,HCA
2020-03-11,117.54000091552734,118.58999633789062,110.63999938964844,112.58999633789062,110.24082946777344,4054800,HCA
2020-03-12,103.98999786376953,109.0199966430664,101.01000213623047,101.51000213623047,99.39201354980469,4602200,HCA
2020-03-13,107.12999725341797,108.5199966430664,101.06999969482422,104.27999877929688,102.10420989990234,6110000,HCA
2020-03-16,93.0,96.55000305175781,83.87000274658203,84.44999694824219,82.68795013427734,5711600,HCA
2020-03-17,86.33000183105469,87.4000015258789,76.30000305175781,77.45999908447266,75.84381103515625,7008100,HCA
2020-03-18,73.0199966430664,74.20999908447266,58.380001068115234,68.12999725341797,66.70846557617188,6345800,HCA
2020-03-19,67.0,88.0,66.79000091552734,83.5,81.75778198242188,5333900,HCA
2020-03-20,85.19999694824219,88.44999694824219,75.0199966430664,78.5,76.86210632324219,5947500,HCA
2020-03-23,80.91000366210938,85.55999755859375,75.33999633789062,78.76000213623047,77.11668395996094,5829200,HCA
2020-03-24,86.30999755859375,92.05999755859375,82.94999694824219,86.75,84.93997955322266,4505300,HCA
2020-03-25,87.26000213623047,95.87999725341797,85.41999816894531,92.5999984741211,90.66790771484375,5038000,HCA
2020-03-26,95.08999633789062,103.73999786376953,90.18000030517578,94.44000244140625,92.46952056884766,4787300,HCA
2020-03-27,90.4000015258789,92.25,86.0,87.33000183105469,85.50787353515625,3708200,HCA
2020-03-30,88.9800033569336,92.41000366210938,86.0199966430664,90.95999908447266,89.06212615966797,3361900,HCA
2020-03-31,89.61000061035156,91.83999633789062,87.5999984741211,89.8499984741211,87.97528076171875,2929400,HCA
2020-04-01,83.91999816894531,86.38999938964844,82.0199966430664,83.7300033569336,81.98298645019531,3224500,HCA
2020-04-02,82.62000274658203,88.83999633789062,81.75,83.9000015258789,82.1494369506836,2180800,HCA
2020-04-03,83.31999969482422,84.3499984741211,79.73999786376953,81.83000183105469,80.12263488769531,2080800,HCA
2020-04-06,86.55000305175781,94.19000244140625,85.04000091552734,93.58000183105469,91.62748718261719,3918600,HCA
2020-04-07,99.51000213623047,102.61000061035156,97.81999969482422,98.61000061035156,96.5525131225586,4568000,HCA
2020-04-08,100.0,110.83000183105469,99.23999786376953,108.05999755859375,105.80535125732422,4130300,HCA
2020-04-09,108.7300033569336,112.18000030517578,105.62999725341797,108.05999755859375,105.80535125732422,3551600,HCA
2020-04-13,107.16000366210938,107.9800033569336,101.66000366210938,103.61000061035156,101.44819641113281,2817100,HCA
2020-04-14,105.30000305175781,112.72000122070312,105.22000122070312,112.54000091552734,110.19186401367188,3677100,HCA
2020-04-15,106.5,111.3499984741211,106.5,109.4800033569336,107.19572448730469,2513200,HCA
2020-04-16,109.52999877929688,110.75,106.62000274658203,108.31999969482422,106.05990600585938,2592500,HCA
2020-04-17,112.80000305175781,116.08000183105469,111.22000122070312,115.66000366210938,113.24677276611328,2362100,HCA
2020-04-20,112.58999633789062,114.91999816894531,108.69000244140625,110.43000030517578,108.12589263916016,2835200,HCA
2020-04-21,103.80999755859375,114.29000091552734,100.55999755859375,105.47000122070312,103.26937866210938,4039600,HCA
2020-04-22,108.33000183105469,108.91000366210938,104.33999633789062,104.5199966430664,102.33919525146484,3110800,HCA
2020-04-23,105.5,109.5,104.61000061035156,104.73999786376953,102.55461120605469,2897000,HCA
2020-04-24,106.01000213623047,108.61000061035156,104.27999877929688,107.83000183105469,105.58014678955078,2366100,HCA
2020-04-27,108.86000061035156,111.91000366210938,108.68000030517578,110.88999938964844,108.57630157470703,2328700,HCA
2020-04-28,111.66000366210938,113.73999786376953,108.88999938964844,109.26000213623047,106.98031616210938,2354100,HCA
2020-04-29,112.58999633789062,115.97000122070312,111.41000366210938,113.33000183105469,110.96538543701172,2838200,HCA
2020-04-30,111.86000061035156,112.30000305175781,109.05999755859375,109.87999725341797,107.58738708496094,2205400,HCA
2020-05-01,107.37999725341797,108.62000274658203,103.69999694824219,104.86000061035156,102.672119140625,1850700,HCA
2020-05-04,103.27999877929688,104.31999969482422,101.45999908447266,103.61000061035156,101.44819641113281,2459700,HCA
2020-05-05,105.5999984741211,108.48999786376953,104.91999816894531,106.45999908447266,104.23871612548828,2144600,HCA
2020-05-06,106.91999816894531,106.91999816894531,99.05000305175781,99.4800033569336,97.40436553955078,2694500,HCA
2020-05-07,101.04000091552734,104.81999969482422,100.37999725341797,102.54000091552734,100.4005126953125,1830200,HCA
2020-05-08,104.5,108.12000274658203,104.08000183105469,107.91999816894531,105.66826629638672,1694500,HCA
2020-05-11,105.79000091552734,106.5999984741211,103.05000305175781,104.13999938964844,101.96714782714844,2764200,HCA
2020-05-12,104.9000015258789,104.97000122070312,99.44000244140625,99.55000305175781,97.47290802001953,2822500,HCA
2020-05-13,100.12000274658203,101.27999877929688,98.3499984741211,100.30999755859375,98.21704864501953,4652700,HCA
2020-05-14,98.66999816894531,99.41999816894531,95.86000061035156,99.16999816894531,97.100830078125,3935800,HCA
2020-05-15,98.41000366210938,100.11000061035156,97.11000061035156,98.73999786376953,96.67980194091797,4201400,HCA
2020-05-18,102.5199966430664,108.33000183105469,102.4000015258789,105.5999984741211,103.39667510986328,5842900,HCA
2020-05-19,104.37999725341797,106.51000213623047,102.6500015258789,103.86000061035156,101.69296264648438,4048300,HCA
2020-05-20,105.86000061035156,107.22000122070312,104.29000091552734,106.41999816894531,104.19955444335938,4987800,HCA
2020-05-21,105.87000274658203,108.44000244140625,105.6500015258789,108.05000305175781,105.79556274414062,3738000,HCA
2020-05-22,108.48999786376953,108.79000091552734,105.5,106.69000244140625,104.46394348144531,2122500,HCA
2020-05-26,110.94999694824219,113.61000061035156,108.9800033569336,109.06999969482422,106.79427337646484,2118200,HCA
2020-05-27,111.0,113.95999908447266,110.25,113.66000366210938,111.28851318359375,2074800,HCA
2020-05-28,115.0,115.5,109.41999816894531,109.7699966430664,107.47966003417969,1724100,HCA
2020-05-29,109.20999908447266,109.91000366210938,104.5199966430664,106.9000015258789,104.66954040527344,3055400,HCA
2020-06-01,106.83999633789062,110.44000244140625,106.55000305175781,108.83000183105469,106.55928039550781,1339100,HCA
2020-06-02,109.56999969482422,109.91999816894531,107.83000183105469,109.0199966430664,106.74530792236328,1185800,HCA
2020-06-03,109.75,113.20999908447266,107.80999755859375,107.94000244140625,105.68785858154297,2788500,HCA
2020-06-04,107.55000305175781,108.61000061035156,105.37000274658203,106.95999908447266,104.72828674316406,2191400,HCA
2020-06-05,112.51000213623047,117.51000213623047,111.22000122070312,115.55999755859375,113.14885711669922,3081700,HCA
2020-06-08,117.5,118.69999694824219,116.38999938964844,118.04000091552734,115.57711791992188,1839000,HCA
2020-06-09,115.93000030517578,116.88999938964844,112.19999694824219,116.0,113.57968139648438,2589600,HCA
2020-06-10,115.2699966430664,116.19000244140625,108.70999908447266,110.08999633789062,107.79298400878906,3296400,HCA
2020-06-11,105.0,106.95999908447266,100.79000091552734,101.11000061035156,99.00035095214844,4087900,HCA
2020-06-12,104.83999633789062,106.66000366210938,98.5,100.55000305175781,98.45203399658203,3666500,HCA
2020-06-15,97.79000091552734,104.33999633789062,97.08000183105469,103.54000091552734,101.37965393066406,1950000,HCA
2020-06-16,109.08999633789062,109.3499984741211,103.12000274658203,104.26000213623047,102.08462524414062,2368500,HCA
2020-06-17,104.58999633789062,105.33999633789062,98.55000305175781,99.0999984741211,97.03227996826172,2494200,HCA
2020-06-18,98.18000030517578,101.69999694824219,96.7300033569336,100.0999984741211,98.01144409179688,2789900,HCA
2020-06-19,101.91000366210938,103.3499984741211,97.43000030517578,97.52999877929688,95.49505615234375,2713100,HCA
2020-06-22,97.3499984741211,99.12000274658203,97.01000213623047,98.31999969482422,96.26856994628906,5367700,HCA
2020-06-23,100.6500015258789,101.4800033569336,97.12000274658203,99.08000183105469,97.0127182006836,2175000,HCA
2020-06-24,97.43000030517578,97.87000274658203,93.04000091552734,93.7300033569336,91.77433013916016,3410000,HCA
2020-06-25,93.04000091552734,94.81999969482422,91.20999908447266,93.3499984741211,91.40226745605469,4443400,HCA
2020-06-26,93.30000305175781,94.58999633789062,91.44000244140625,92.4800033569336,90.5504150390625,2428800,HCA
2020-06-29,93.6500015258789,96.22000122070312,92.12999725341797,96.19999694824219,94.19280242919922,2540700,HCA
2020-06-30,96.19999694824219,97.62999725341797,93.76000213623047,97.05999755859375,95.03485107421875,1841200,HCA
2020-07-01,96.70999908447266,100.25,96.01000213623047,98.08000183105469,96.03357696533203,2240100,HCA
2020-07-02,100.19999694824219,102.18000030517578,97.7300033569336,97.97000122070312,95.9258804321289,1546000,HCA
2020-07-06,99.69000244140625,100.05999755859375,97.30999755859375,99.20999908447266,97.1399917602539,1361500,HCA
2020-07-07,98.08999633789062,99.11000061035156,96.16000366210938,96.23999786376953,94.23197174072266,1280500,HCA
2020-07-08,96.22000122070312,96.22000122070312,93.3499984741211,95.62999725341797,93.63469696044922,1600800,HCA
2020-07-09,95.76000213623047,95.9800033569336,92.05999755859375,94.33999633789062,92.37161254882812,2934100,HCA
2020-07-10,93.83000183105469,97.0199966430664,93.25,96.72000122070312,94.70194244384766,1693900,HCA
2020-07-13,95.0,99.70999908447266,95.0,96.83000183105469,94.80964660644531,2607800,HCA
2020-07-14,96.55000305175781,99.12999725341797,95.7300033569336,98.95999908447266,96.89521026611328,1826400,HCA
2020-07-15,101.72000122070312,106.41999816894531,101.19999694824219,105.6500015258789,103.44561767578125,3859000,HCA
2020-07-16,104.83999633789062,108.31999969482422,103.44999694824219,107.13999938964844,104.90453338623047,2901600,HCA
2020-07-17,107.41999816894531,108.33000183105469,105.29000091552734,106.05999755859375,103.84707641601562,1581400,HCA
2020-07-20,105.5999984741211,106.31999969482422,103.16999816894531,104.97000122070312,102.77981567382812,3112900,HCA
2020-07-21,106.2699966430664,110.20999908447266,106.19999694824219,109.33000183105469,107.0488510131836,2483300,HCA
2020-07-22,115.30000305175781,124.37999725341797,115.0999984741211,122.41999816894531,119.86572265625,5347900,HCA
2020-07-23,125.0,127.4800033569336,123.94000244140625,126.97000122070312,124.32079315185547,4157800,HCA
2020-07-24,126.51000213623047,126.51000213623047,124.05999755859375,125.51000213623047,122.8912353515625,1646100,HCA
2020-07-27,125.0,125.6500015258789,123.61000061035156,125.33000183105469,122.7149887084961,1655500,HCA
2020-07-28,125.19000244140625,126.7300033569336,123.56999969482422,123.95999908447266,121.37359619140625,1530900,HCA
2020-07-29,125.18000030517578,130.7899932861328,124.87999725341797,129.77999877929688,127.07215881347656,2429200,HCA
2020-07-30,128.11000061035156,128.47999572753906,125.73999786376953,128.0500030517578,125.37826538085938,1544500,HCA
2020-07-31,127.87999725341797,127.87999725341797,124.41000366210938,126.63999938964844,123.9976806640625,2549200,HCA
2020-08-03,127.11000061035156,127.30000305175781,124.80999755859375,125.87000274658203,123.24374389648438,1125100,HCA
2020-08-04,124.9000015258789,128.7899932861328,124.36000061035156,128.38999938964844,125.7111587524414,2115200,HCA
2020-08-05,129.66000366210938,131.88999938964844,129.17999267578125,130.41000366210938,127.68899536132812,2232500,HCA
2020-08-06,130.9199981689453,132.97000122070312,130.5399932861328,132.32000732421875,129.5591583251953,1687600,HCA
2020-08-07,131.5,133.0,128.63999938964844,130.27000427246094,127.55192565917969,1372400,HCA
2020-08-10,130.32000732421875,132.97999572753906,130.32000732421875,132.47000122070312,129.70602416992188,1052200,HCA
2020-08-11,133.92999267578125,134.97000122070312,130.86000061035156,131.58999633789062,128.84442138671875,1493000,HCA
2020-08-12,132.8699951171875,133.11000061035156,130.35000610351562,132.1300048828125,129.37313842773438,1252000,HCA
2020-08-13,131.36000061035156,131.36000061035156,129.61000061035156,130.6699981689453,127.94359588623047,819600,HCA
2020-08-14,130.25,134.91000366210938,129.69000244140625,134.42999267578125,131.62509155273438,1295100,HCA
2020-08-17,133.9199981689453,135.47999572753906,133.3300018310547,134.3000030517578,131.49786376953125,1365400,HCA
2020-08-18,134.3800048828125,134.60000610351562,132.42999267578125,133.91000366210938,131.11599731445312,898400,HCA
2020-08-19,133.80999755859375,135.5500030517578,132.25,133.0399932861328,130.26416015625,1415900,HCA
2020-08-20,132.17999267578125,133.69000244140625,130.13999938964844,131.14999389648438,128.41358947753906,1245400,HCA
2020-08-21,130.75,132.97999572753906,130.2899932861328,132.50999450683594,129.7451629638672,1194600,HCA
2020-08-24,133.5,135.07000732421875,132.0,134.3800048828125,131.57615661621094,3161400,HCA
2020-08-25,134.5,134.75,131.75999450683594,134.11000061035156,131.3118133544922,994300,HCA
2020-08-26,133.58999633789062,133.8000030517578,129.89999389648438,131.6300048828125,128.88356018066406,1014900,HCA
2020-08-27,132.55999755859375,137.97999572753906,131.89999389648438,134.4199981689453,131.61534118652344,1998400,HCA
2020-08-28,134.41000366210938,136.11000061035156,132.3699951171875,135.99000549316406,133.15261840820312,1090600,HCA
2020-08-31,135.57000732421875,137.86000061035156,135.0500030517578,135.72000122070312,132.88821411132812,2449000,HCA
2020-09-01,134.35000610351562,134.60000610351562,132.57000732421875,134.1999969482422,131.39990234375,1354200,HCA
2020-09-02,134.69000244140625,139.47999572753906,132.9600067138672,138.1699981689453,135.287109375,2198000,HCA
2020-09-03,138.77000427246094,139.3699951171875,134.3000030517578,136.60000610351562,133.74989318847656,1860100,HCA
2020-09-04,136.63999938964844,139.17999267578125,134.85000610351562,137.0500030517578,134.19049072265625,1123400,HCA
2020-09-08,136.27999877929688,136.27999877929688,132.38999938964844,132.52999877929688,129.76478576660156,1418800,HCA
2020-09-09,133.64999389648438,135.33999633789062,132.75999450683594,133.80999755859375,131.01805114746094,1953900,HCA
2020-09-10,134.80999755859375,136.4499969482422,134.10000610351562,134.6699981689453,131.8601531982422,2093100,HCA
2020-09-11,134.6300048828125,135.14999389648438,132.17999267578125,134.0,131.2041015625,745600,HCA
2020-09-14,135.07000732421875,136.32000732421875,133.85000610351562,135.72000122070312,132.88821411132812,1658200,HCA
2020-09-15,136.9600067138672,138.75999450683594,134.91000366210938,135.8000030517578,132.96656799316406,1320500,HCA
2020-09-16,136.91000366210938,139.17999267578125,136.72000122070312,138.00999450683594,135.13043212890625,1327200,HCA
2020-09-17,136.27999877929688,137.8800048828125,134.17999267578125,137.13999938964844,134.27859497070312,1381100,HCA
2020-09-18,136.19000244140625,136.88999938964844,132.08999633789062,132.25,129.49063110351562,2070700,HCA
2020-09-21,125.91999816894531,125.97000122070312,119.12000274658203,125.44999694824219,122.83250427246094,3631400,HCA
2020-09-22,125.45999908447266,125.83000183105469,119.56999969482422,120.6500015258789,118.13265228271484,2639200,HCA
2020-09-23,121.79000091552734,122.08999633789062,116.06999969482422,116.33000183105469,113.90279388427734,2260100,HCA
2020-09-24,116.04000091552734,119.1500015258789,114.37999725341797,116.94999694824219,114.50984954833984,1290400,HCA
2020-09-25,116.08999633789062,121.43000030517578,115.73999786376953,120.55000305175781,118.03475189208984,1439500,HCA
2020-09-28,122.4800033569336,123.86000061035156,120.81999969482422,121.36000061035156,118.82785034179688,1119300,HCA
2020-09-29,122.0,122.1500015258789,117.77999877929688,120.18000030517578,117.67247009277344,1132100,HCA
2020-09-30,121.0999984741211,126.3499984741211,120.55000305175781,124.68000030517578,122.07855987548828,1899200,HCA
2020-10-01,124.73999786376953,125.69999694824219,121.4800033569336,124.55999755859375,121.96107482910156,1847900,HCA
2020-10-02,121.5,128.17999267578125,121.45999908447266,127.05000305175781,124.39912414550781,1489900,HCA
2020-10-05,128.17999267578125,130.77999877929688,126.88999938964844,130.1699981689453,127.45399475097656,1481700,HCA
2020-10-06,130.7899932861328,132.39999389648438,128.2100067138672,128.3699951171875,125.69157409667969,1257600,HCA
2020-10-07,130.0,132.33999633789062,128.55999755859375,129.07000732421875,126.37696075439453,1001500,HCA
2020-10-08,129.88999938964844,132.47999572753906,128.9499969482422,131.8300018310547,129.07937622070312,1135500,HCA
2020-10-09,139.5,140.0,133.1999969482422,133.9600067138672,131.1649627685547,2754300,HCA
2020-10-12,135.0,135.2899932861328,129.88999938964844,130.22999572753906,127.51274871826172,1332500,HCA
2020-10-13,130.27999877929688,133.69000244140625,128.32000732421875,132.94000244140625,130.16622924804688,1435700,HCA
2020-10-14,132.6199951171875,136.75999450683594,132.25,134.66000366210938,131.850341796875,1197100,HCA
2020-10-15,132.5,138.50999450683594,132.0399932861328,137.7899932861328,134.91500854492188,1327800,HCA
2020-10-16,137.7899932861328,139.47999572753906,134.72000122070312,135.1199951171875,132.30072021484375,1197600,HCA
2020-10-19,134.55999755859375,136.7899932861328,133.39999389648438,134.3300018310547,131.52720642089844,894500,HCA
2020-10-20,134.3300018310547,137.97999572753906,133.7100067138672,136.4199981689453,133.5736083984375,980900,HCA
2020-10-21,135.58999633789062,138.88999938964844,135.58999633789062,135.97999572753906,133.1427764892578,1257300,HCA
2020-10-22,135.77999877929688,138.11000061035156,134.42999267578125,135.2100067138672,132.3888702392578,1485200,HCA
2020-10-23,136.80999755859375,137.83999633789062,134.8000030517578,136.58999633789062,133.7400665283203,897200,HCA
2020-10-26,134.5,137.4499969482422,130.49000549316406,135.42999267578125,132.60427856445312,1966800,HCA
2020-10-27,134.7100067138672,135.39999389648438,130.39999389648438,130.55999755859375,127.83588409423828,1451000,HCA
2020-10-28,128.0399932861328,130.0800018310547,125.55000305175781,126.55000305175781,123.90956115722656,1342600,HCA
2020-10-29,126.16999816894531,127.2699966430664,123.81999969482422,125.4000015258789,122.85343170166016,1343900,HCA
2020-10-30,125.0,126.68000030517578,121.91000366210938,123.94000244140625,121.423095703125,1718800,HCA
2020-11-02,126.11000061035156,130.74000549316406,125.18000030517578,130.60000610351562,127.94783782958984,2013000,HCA
2020-11-03,132.7899932861328,137.22000122070312,132.35000610351562,136.08999633789062,133.3263397216797,1656100,HCA
2020-11-04,135.99000549316406,138.6300048828125,131.55999755859375,131.8000030517578,129.1234893798828,2301300,HCA
2020-11-05,133.92999267578125,140.49000549316406,133.52000427246094,137.55999755859375,134.76651000976562,1681800,HCA
2020-11-06,137.3300018310547,139.55999755859375,136.35000610351562,138.5,135.6874237060547,1004200,HCA
2020-11-09,147.69000244140625,152.6699981689453,145.99000549316406,147.32000732421875,144.32830810546875,3778600,HCA
2020-11-10,146.3800048828125,154.94000244140625,146.3800048828125,152.11000061035156,149.02102661132812,2497400,HCA
2020-11-11,151.6300048828125,152.0,144.77999877929688,145.47000122070312,142.51585388183594,1456300,HCA
2020-11-12,144.61000061035156,147.8300018310547,142.47000122070312,144.58999633789062,141.6537322998047,2101800,HCA
2020-11-13,145.00999450683594,149.97000122070312,144.92999267578125,149.75,146.70895385742188,1373800,HCA
2020-11-16,151.75,153.9199981689453,150.22999572753906,151.82000732421875,148.73692321777344,1803800,HCA
2020-11-17,150.32000732421875,155.83999633789062,149.13999938964844,153.02999877929688,149.9223175048828,1587600,HCA
2020-11-18,152.11000061035156,154.47999572753906,150.10000610351562,151.24000549316406,148.168701171875,1219400,HCA
2020-11-19,150.1999969482422,151.24000549316406,147.6699981689453,150.85000610351562,147.78660583496094,2141800,HCA
2020-11-20,150.9199981689453,151.38999938964844,147.00999450683594,147.33999633789062,144.34788513183594,1337300,HCA
2020-11-23,148.88999938964844,151.30999755859375,148.24000549316406,149.39999389648438,146.36605834960938,1243100,HCA
2020-11-24,150.99000549316406,155.63999938964844,149.5500030517578,155.05999755859375,151.91111755371094,2489500,HCA
2020-11-25,153.94000244140625,155.4600067138672,152.52000427246094,153.6199951171875,150.5003662109375,1077100,HCA
2020-11-27,153.5,155.0,152.30999755859375,153.0500030517578,149.9419403076172,753500,HCA
2020-11-30,152.4600067138672,152.4600067138672,148.9199981689453,150.11000061035156,147.0616455078125,1846300,HCA
2020-12-01,152.63999938964844,153.6999969482422,151.1199951171875,151.91000366210938,148.8251190185547,880500,HCA
2020-12-02,150.4600067138672,153.3699951171875,149.75,152.60000610351562,149.5010986328125,839200,HCA
2020-12-03,153.25,154.07000732421875,151.92999267578125,152.75,149.6480255126953,906400,HCA
2020-12-04,153.64999389648438,158.2100067138672,152.5800018310547,157.67999267578125,154.4779052734375,1447000,HCA
2020-12-07,157.14999389648438,157.67999267578125,153.75,155.3699951171875,152.21481323242188,1043500,HCA
2020-12-08,155.1300048828125,159.64999389648438,155.0,159.19000244140625,155.95726013183594,1367500,HCA
2020-12-09,158.86000061035156,161.4199981689453,158.27000427246094,159.92999267578125,156.6822052001953,1531900,HCA
2020-12-10,159.38999938964844,164.22000122070312,159.38999938964844,161.7899932861328,158.5044403076172,1401600,HCA
2020-12-11,160.32000732421875,161.44000244140625,156.6699981689453,157.57000732421875,154.37014770507812,1153200,HCA
2020-12-14,163.8699951171875,165.24000549316406,159.72000122070312,160.86000061035156,157.5933380126953,1833500,HCA
2020-12-15,163.1300048828125,163.44000244140625,159.25,160.9499969482422,157.68150329589844,1625600,HCA
2020-12-16,160.67999267578125,162.5500030517578,159.6699981689453,161.55999755859375,158.2791290283203,1107100,HCA
2020-12-17,162.77999877929688,165.74000549316406,162.61000061035156,164.75,161.40432739257812,1371300,HCA
2020-12-18,165.19000244140625,165.97999572753906,163.2100067138672,164.33999633789062,161.00265502929688,3119900,HCA
2020-12-21,161.19000244140625,164.33999633789062,158.88999938964844,163.08999633789062,159.77804565429688,1831100,HCA
2020-12-22,163.5,164.4199981689453,161.8800048828125,163.27000427246094,159.9543914794922,1813100,HCA
2020-12-23,164.63999938964844,166.86000061035156,164.4199981689453,165.86000061035156,162.4918212890625,1904800,HCA
2020-12-24,166.8699951171875,166.8699951171875,164.0800018310547,164.24000549316406,161.16514587402344,288900,HCA
2020-12-28,165.55999755859375,165.64999389648438,163.19000244140625,164.0,160.92959594726562,906600,HCA
2020-12-29,164.22999572753906,165.02999877929688,162.52999877929688,163.8300018310547,160.7628173828125,915500,HCA
2020-12-30,163.27999877929688,163.9199981689453,161.5399932861328,162.35000610351562,159.31051635742188,879400,HCA
2020-12-31,163.07000732421875,165.0,161.77999877929688,164.4600067138672,161.38099670410156,958200,HCA
2021-01-04,163.3699951171875,164.94000244140625,158.3699951171875,163.63999938964844,160.5763702392578,1617000,HCA
2021-01-05,163.11000061035156,166.74000549316406,162.22000122070312,165.00999450683594,161.92068481445312,1142300,HCA
2021-01-06,168.1300048828125,174.10000610351562,168.1300048828125,170.55999755859375,167.36679077148438,3093800,HCA
2021-01-07,171.0399932861328,174.3699951171875,171.0399932861328,173.60000610351562,170.34986877441406,2094100,HCA
2021-01-08,174.0,174.5500030517578,169.5800018310547,172.27999877929688,169.05459594726562,1063600,HCA
2021-01-11,170.5800018310547,173.0800018310547,169.66000366210938,171.3699951171875,168.16162109375,854900,HCA
2021-01-12,171.0399932861328,172.39999389648438,169.5399932861328,172.24000549316406,169.0153350830078,982800,HCA
2021-01-13,172.05999755859375,172.88999938964844,168.58999633789062,170.47000122070312,167.2784881591797,862400,HCA
2021-01-14,170.77999877929688,171.41000366210938,167.6199951171875,168.27000427246094,165.11965942382812,1489400,HCA
2021-01-15,167.27999877929688,169.47999572753906,166.36000061035156,168.77000427246094,165.6103057861328,1111800,HCA
2021-01-19,170.5500030517578,171.60000610351562,166.05999755859375,166.10000610351562,162.9903106689453,1385500,HCA
2021-01-20,166.02000427246094,168.99000549316406,164.64999389648438,167.9499969482422,164.80564880371094,942100,HCA
2021-01-21,168.72999572753906,168.72999572753906,166.77000427246094,167.39999389648438,164.2659454345703,1014700,HCA
2021-01-22,166.47999572753906,167.35000610351562,165.30999755859375,166.97000122070312,163.84400939941406,1023000,HCA
2021-01-25,166.08999633789062,168.77999877929688,164.5800018310547,168.42999267578125,165.2766571044922,1180500,HCA
2021-01-26,169.36000061035156,170.14999389648438,164.02000427246094,164.1300048828125,161.0571746826172,1221100,HCA
2021-01-27,161.57000732421875,162.60000610351562,156.42999267578125,157.02000427246094,154.08029174804688,2287600,HCA
2021-01-28,159.58999633789062,166.63999938964844,158.9600067138672,163.8000030517578,160.73336791992188,1709900,HCA
2021-01-29,162.8300018310547,165.8699951171875,159.6999969482422,162.47999572753906,159.43804931640625,1531400,HCA
2021-02-01,164.47000122070312,169.4199981689453,163.3800048828125,166.92999267578125,163.8047637939453,1811300,HCA
2021-02-02,168.7100067138672,170.9199981689453,165.00999450683594,165.85000610351562,162.74497985839844,3077700,HCA
2021-02-03,166.19000244140625,173.9600067138672,165.13999938964844,173.1199951171875,169.8788604736328,2600200,HCA
2021-02-04,173.97999572753906,179.5,173.36000061035156,179.3000030517578,175.94314575195312,2338000,HCA
2021-02-05,179.4499969482422,181.00999450683594,175.63999938964844,176.7899932861328,173.48013305664062,2165200,HCA
2021-02-08,176.44000244140625,179.8800048828125,176.44000244140625,178.94000244140625,175.58990478515625,1594000,HCA
2021-02-09,179.25,179.82000732421875,174.89999389648438,175.4199981689453,172.13580322265625,1737900,HCA
2021-02-10,176.41000366210938,177.0,174.05999755859375,174.7899932861328,171.51760864257812,1358600,HCA
2021-02-11,175.82000732421875,177.1199951171875,174.52999877929688,175.5500030517578,172.2633819580078,985000,HCA
2021-02-12,175.0,175.72000122070312,172.02999877929688,173.50999450683594,170.2615509033203,1106900,HCA
2021-02-16,174.11000061035156,174.74000549316406,171.80999755859375,174.0,170.74237060546875,1097300,HCA
2021-02-17,173.7100067138672,176.97999572753906,172.5,176.44000244140625,173.13668823242188,1068000,HCA
2021-02-18,175.2100067138672,175.75999450683594,173.72999572753906,174.61000061035156,171.34095764160156,1179500,HCA
2021-02-19,175.05999755859375,177.85000610351562,174.63999938964844,177.3699951171875,174.04928588867188,1090800,HCA
2021-02-22,170.38999938964844,176.66000366210938,170.1300048828125,174.82000732421875,171.5470428466797,1761700,HCA
2021-02-23,175.27999877929688,176.60000610351562,173.00999450683594,175.07000732421875,171.7923583984375,2355700,HCA
2021-02-24,174.0,178.75999450683594,173.63999938964844,175.42999267578125,172.14559936523438,1995900,HCA
2021-02-25,176.7100067138672,176.92999267578125,173.00999450683594,175.02999877929688,171.75311279296875,1247700,HCA
2021-02-26,174.6699981689453,176.4600067138672,171.9199981689453,172.02999877929688,168.80926513671875,1750600,HCA
2021-03-01,173.8800048828125,177.08999633789062,173.8800048828125,175.4600067138672,172.175048828125,1662500,HCA
2021-03-02,175.49000549316406,178.94000244140625,175.49000549316406,178.17999267578125,174.84414672851562,1191700,HCA
2021-03-03,175.8800048828125,179.41000366210938,175.11000061035156,175.5800018310547,172.29281616210938,1436800,HCA
2021-03-04,175.5,180.97999572753906,174.57000732421875,176.33999633789062,173.03857421875,1877500,HCA
2021-03-05,177.74000549316406,184.86000061035156,176.1300048828125,183.7100067138672,180.27059936523438,2059400,HCA
2021-03-08,184.8000030517578,190.22999572753906,184.1699981689453,189.2100067138672,185.66761779785156,2603500,HCA
2021-03-09,191.02000427246094,194.00999450683594,183.8699951171875,184.3300018310547,180.8789825439453,2979800,HCA
2021-03-10,186.17999267578125,188.22999572753906,184.4199981689453,185.3699951171875,181.89950561523438,1447200,HCA
2021-03-11,184.77999877929688,186.69000244140625,184.55999755859375,185.22999572753906,181.7621307373047,1409800,HCA
2021-03-12,186.4600067138672,190.5,185.2100067138672,189.42999267578125,185.88348388671875,1188500,HCA
2021-03-15,189.75999450683594,192.9499969482422,189.00999450683594,191.82000732421875,188.228759765625,1415200,HCA
2021-03-16,191.17999267578125,191.55999755859375,185.32000732421875,185.52000427246094,182.50340270996094,1606900,HCA
2021-03-17,186.25999450683594,188.1699981689453,184.94000244140625,185.5,182.4837188720703,1801800,HCA
2021-03-18,185.74000549316406,191.0,185.17999267578125,188.02999877929688,184.97259521484375,1566200,HCA
2021-03-19,187.47999572753906,192.33999633789062,187.00999450683594,188.60000610351562,185.5333251953125,2674000,HCA
2021-03-22,188.86000061035156,189.25,187.14999389648438,188.17999267578125,185.12013244628906,1232500,HCA
2021-03-23,186.5,188.8300018310547,181.91000366210938,183.66000366210938,180.6736297607422,1475900,HCA
2021-03-24,184.7899932861328,189.05999755859375,183.97999572753906,184.58999633789062,181.5885009765625,1287800,HCA
2021-03-25,184.9600067138672,188.77000427246094,183.22000122070312,187.35000610351562,184.3036346435547,1436300,HCA
2021-03-26,188.85000610351562,191.25999450683594,187.36000061035156,191.07000732421875,187.96315002441406,1553200,HCA
2021-03-29,191.3300018310547,192.67999267578125,185.5,187.19000244140625,184.146240234375,1470100,HCA
2021-03-30,186.72999572753906,190.27000427246094,186.27000427246094,188.5399932861328,185.4742889404297,1317000,HCA
2021-03-31,189.0500030517578,191.41000366210938,186.77999877929688,188.33999633789062,185.2775115966797,1724500,HCA
2021-04-01,188.25999450683594,188.94000244140625,185.41000366210938,186.14999389648438,183.12313842773438,1402700,HCA
2021-04-05,187.33999633789062,188.97999572753906,187.33999633789062,188.0,184.94308471679688,1138400,HCA
2021-04-06,188.2899932861328,190.0399932861328,185.85000610351562,186.3800048828125,183.34942626953125,1288300,HCA
2021-04-07,186.3000030517578,188.16000366210938,185.82000732421875,186.77000427246094,183.73306274414062,1583200,HCA
2021-04-08,186.64999389648438,188.55999755859375,185.2100067138672,188.0399932861328,184.982421875,1110400,HCA
2021-04-09,188.88999938964844,191.14999389648438,188.2899932861328,190.8800048828125,187.7762451171875,1370800,HCA
2021-04-12,190.8800048828125,193.33999633789062,190.8800048828125,191.66000366210938,188.54356384277344,1112200,HCA
2021-04-13,190.7100067138672,190.99000549316406,188.14999389648438,188.5800018310547,185.5136260986328,1586000,HCA
2021-04-14,189.3699951171875,193.5500030517578,189.02999877929688,190.9499969482422,187.8450927734375,1246200,HCA
2021-04-15,192.2100067138672,194.2899932861328,190.3800048828125,193.49000549316406,190.3438262939453,1322900,HCA
2021-04-16,194.86000061035156,197.2100067138672,194.6300048828125,196.92999267578125,193.7278594970703,1523800,HCA
2021-04-19,195.61000061035156,197.25,192.1999969482422,194.88999938964844,191.72103881835938,1484200,HCA
2021-04-20,194.32000732421875,195.8000030517578,192.8800048828125,192.94000244140625,189.80274963378906,1409300,HCA
2021-04-21,193.60000610351562,198.50999450683594,193.35000610351562,197.52999877929688,194.318115234375,1328200,HCA
2021-04-22,203.0,205.5800018310547,198.72999572753906,201.50999450683594,198.23338317871094,2607100,HCA
2021-04-23,202.61000061035156,204.2100067138672,198.2100067138672,202.5,199.20729064941406,1672100,HCA
2021-04-26,196.22999572753906,201.11000061035156,196.22000122070312,200.55999755859375,197.29884338378906,1461600,HCA
2021-04-27,200.85000610351562,201.02999877929688,197.41000366210938,198.9600067138672,195.724853515625,1809900,HCA
2021-04-28,199.27999877929688,200.89999389648438,197.5500030517578,198.49000549316406,195.2624969482422,2274900,HCA
2021-04-29,199.64999389648438,203.5500030517578,199.55999755859375,201.94000244140625,198.65640258789062,1388500,HCA
2021-04-30,201.7100067138672,203.7100067138672,200.57000732421875,201.05999755859375,197.79071044921875,1394800,HCA
2021-05-03,203.33999633789062,205.63999938964844,201.67999267578125,204.50999450683594,201.18460083007812,1594600,HCA
2021-05-04,204.0,206.6699981689453,202.17999267578125,206.33999633789062,202.98486328125,1732200,HCA
2021-05-05,206.02000427246094,208.50999450683594,204.30999755859375,207.83999633789062,204.46046447753906,1337000,HCA
2021-05-06,207.97000122070312,209.83999633789062,207.2100067138672,209.3300018310547,205.92626953125,1249700,HCA
2021-05-07,207.60000610351562,211.24000549316406,207.13999938964844,210.52000427246094,207.09689331054688,1053800,HCA
2021-05-10,211.19000244140625,217.27999877929688,210.0,211.88999938964844,208.44461059570312,1414200,HCA
2021-05-11,208.3300018310547,210.52000427246094,206.13999938964844,206.75999450683594,203.3980255126953,1911600,HCA
2021-05-12,206.38999938964844,208.35000610351562,203.9499969482422,204.11000061035156,200.79110717773438,1278300,HCA
2021-05-13,204.27000427246094,209.3699951171875,203.69000244140625,207.47000122070312,204.0964813232422,1129200,HCA
2021-05-14,209.1300048828125,212.22000122070312,208.5800018310547,211.5,208.06094360351562,1234600,HCA
2021-05-17,211.13999938964844,212.05999755859375,208.7899932861328,209.5,206.09347534179688,1013700,HCA
2021-05-18,210.14999389648438,210.14999389648438,205.39999389648438,205.4499969482422,202.10934448242188,1395200,HCA
2021-05-19,203.85000610351562,204.64999389648438,199.75999450683594,203.6699981689453,200.35824584960938,1430700,HCA
2021-05-20,203.7100067138672,207.8699951171875,203.69000244140625,206.2100067138672,202.85696411132812,1101400,HCA
2021-05-21,207.30999755859375,210.10000610351562,206.1300048828125,206.3800048828125,203.02423095703125,1053500,HCA
2021-05-24,208.19000244140625,208.19000244140625,205.05999755859375,206.1199951171875,202.7684326171875,1173300,HCA
2021-05-25,207.2899932861328,211.1699981689453,206.5800018310547,210.2100067138672,206.79193115234375,1870100,HCA
2021-05-26,210.1999969482422,213.63999938964844,209.8300018310547,211.8300018310547,208.3855743408203,1350100,HCA
2021-05-27,212.80999755859375,214.7100067138672,212.35000610351562,213.69000244140625,210.21533203125,2034400,HCA
2021-05-28,214.39999389648438,215.67999267578125,212.42999267578125,214.7899932861328,211.29745483398438,1054600,HCA
2021-06-01,216.86000061035156,217.05999755859375,214.22999572753906,215.8699951171875,212.35987854003906,1227400,HCA
2021-06-02,217.25,217.36000061035156,209.3000030517578,210.6300048828125,207.20509338378906,1360800,HCA
2021-06-03,209.14999389648438,213.94000244140625,207.9199981689453,213.25999450683594,209.79232788085938,1567900,HCA
2021-06-04,214.6300048828125,216.10000610351562,212.9499969482422,213.77000427246094,210.29405212402344,964700,HCA
2021-06-07,214.16000366210938,215.22000122070312,211.52999877929688,211.8699951171875,208.4249267578125,1053000,HCA
2021-06-08,211.83999633789062,212.22999572753906,208.80999755859375,209.83999633789062,206.4279327392578,1317200,HCA
2021-06-09,210.57000732421875,210.99000549316406,208.2100067138672,208.30999755859375,204.9228057861328,1096200,HCA
2021-06-10,209.5,212.41000366210938,208.80999755859375,210.10000610351562,206.6837158203125,1096400,HCA
2021-06-11,210.4199981689453,211.9499969482422,209.61000061035156,211.69000244140625,208.24786376953125,702500,HCA
2021-06-14,210.77000427246094,211.1999969482422,205.9499969482422,207.86000061035156,204.4801483154297,1472100,HCA
2021-06-15,207.6999969482422,211.14999389648438,206.85000610351562,209.55999755859375,206.62965393066406,859800,HCA
2021-06-16,208.6300048828125,210.3000030517578,206.52999877929688,206.75999450683594,203.8688201904297,1339300,HCA
2021-06-17,207.47999572753906,209.13999938964844,204.1300048828125,207.2100067138672,204.31253051757812,1240900,HCA
2021-06-18,202.8699951171875,204.14999389648438,200.4199981689453,201.36000061035156,198.5443115234375,2576000,HCA
2021-06-21,202.89999389648438,208.44000244140625,201.89999389648438,208.08999633789062,205.1802215576172,964600,HCA
2021-06-22,207.47000122070312,211.00999450683594,207.14999389648438,209.83999633789062,206.90573120117188,1131100,HCA
2021-06-23,209.64999389648438,209.94000244140625,206.02000427246094,206.14999389648438,203.267333984375,1052100,HCA
2021-06-24,208.27999877929688,208.27999877929688,204.07000732421875,204.42999267578125,201.57138061523438,1287200,HCA
2021-06-25,204.83999633789062,208.4600067138672,203.75,207.6199951171875,204.71676635742188,3049300,HCA
2021-06-28,207.32000732421875,207.67999267578125,205.50999450683594,206.9199981689453,204.02658081054688,1097900,HCA
2021-06-29,208.5500030517578,209.82000732421875,205.41000366210938,205.8800048828125,203.00111389160156,916000,HCA
2021-06-30,205.49000549316406,206.9600067138672,204.44000244140625,206.74000549316406,203.84909057617188,1438300,HCA
2021-07-01,207.4199981689453,212.5,207.16000366210938,211.8300018310547,208.86790466308594,1446900,HCA
2021-07-02,211.47000122070312,215.19000244140625,210.42999267578125,214.85000610351562,211.845703125,829400,HCA
2021-07-06,214.0500030517578,214.91000366210938,211.4499969482422,214.83999633789062,211.83583068847656,961100,HCA
2021-07-07,214.57000732421875,217.4199981689453,214.27999877929688,216.92999267578125,213.8966064453125,975800,HCA
2021-07-08,213.6199951171875,215.30999755859375,211.6300048828125,214.0500030517578,211.05686950683594,976900,HCA
2021-07-09,216.3300018310547,219.9600067138672,215.22000122070312,218.7899932861328,215.7305908203125,913000,HCA
2021-07-12,217.47999572753906,221.7100067138672,216.64999389648438,220.33999633789062,217.2589111328125,1098800,HCA
2021-07-13,220.0,220.9199981689453,218.1199951171875,219.22999572753906,216.16444396972656,872600,HCA
2021-07-14,220.0,220.82000732421875,217.97999572753906,218.75,215.69114685058594,1223400,HCA
2021-07-15,217.02000427246094,220.9600067138672,217.02000427246094,220.2899932861328,217.20960998535156,1122000,HCA
2021-07-16,220.97999572753906,221.6300048828125,218.99000549316406,219.1999969482422,216.13485717773438,1040900,HCA
2021-07-19,216.0500030517578,219.22999572753906,214.61000061035156,217.6300048828125,214.58682250976562,1593300,HCA
2021-07-20,239.10000610351562,252.0,237.67999267578125,248.89999389648438,245.4195556640625,4824100,HCA
2021-07-21,250.99000549316406,254.4499969482422,248.30999755859375,249.25,245.76467895507812,2435600,HCA
2021-07-22,249.41000366210938,250.0,245.72999572753906,246.7899932861328,243.33905029296875,1704700,HCA
2021-07-23,248.7100067138672,250.33999633789062,246.35000610351562,248.4600067138672,244.9857177734375,1484600,HCA
2021-07-26,247.5500030517578,248.4199981689453,240.82000732421875,245.75999450683594,242.3234405517578,1710100,HCA
2021-07-27,245.66000366210938,250.77999877929688,244.00999450683594,247.69000244140625,244.2264862060547,1548300,HCA
2021-07-28,247.4199981689453,247.57000732421875,242.7100067138672,245.92999267578125,242.49105834960938,1106400,HCA
2021-07-29,247.1699981689453,249.47999572753906,246.86000061035156,247.89999389648438,244.4335174560547,1092700,HCA
2021-07-30,247.0399932861328,249.7899932861328,246.47000122070312,248.1999969482422,244.72935485839844,1283600,HCA
2021-08-02,248.85000610351562,251.80999755859375,248.41000366210938,251.0,247.49020385742188,1171900,HCA
2021-08-03,251.94000244140625,254.1999969482422,247.4199981689453,253.50999450683594,249.965087890625,1276500,HCA
2021-08-04,252.1999969482422,255.1300048828125,248.02000427246094,248.25999450683594,244.7884979248047,1528200,HCA
2021-08-05,249.24000549316406,250.5,244.30999755859375,249.05999755859375,245.57733154296875,1147700,HCA
2021-08-06,249.97999572753906,252.50999450683594,249.6699981689453,250.1199951171875,246.62249755859375,1047500,HCA
2021-08-09,249.0,249.99000549316406,247.52000427246094,248.63999938964844,245.16319274902344,698300,HCA
2021-08-10,246.0,248.4600067138672,239.72000122070312,240.66000366210938,237.29476928710938,1980400,HCA
2021-08-11,240.80999755859375,241.7100067138672,236.4199981689453,241.16000366210938,237.7877960205078,1250400,HCA
2021-08-12,237.0,244.44000244140625,236.11000061035156,242.5399932861328,239.14846801757812,1121400,HCA
2021-08-13,242.52000427246094,244.02000427246094,242.0500030517578,242.97999572753906,239.58233642578125,830400,HCA
2021-08-16,242.60000610351562,246.58999633789062,242.1999969482422,246.30999755859375,242.86578369140625,897600,HCA
2021-08-17,244.52999877929688,247.5800018310547,243.72000122070312,245.02999877929688,241.6036834716797,1087600,HCA
2021-08-18,243.36000061035156,246.6699981689453,242.1999969482422,242.47000122070312,239.07948303222656,1224600,HCA
2021-08-19,241.0500030517578,247.27000427246094,239.83999633789062,246.5,243.0531005859375,1062300,HCA
2021-08-20,246.60000610351562,250.66000366210938,246.60000610351562,249.33999633789062,245.85337829589844,1006900,HCA
2021-08-23,250.24000549316406,251.7899932861328,249.44000244140625,249.64999389648438,246.1590576171875,1005700,HCA
2021-08-24,249.5800018310547,251.64999389648438,249.3699951171875,249.47999572753906,245.99142456054688,817300,HCA
2021-08-25,250.16000366210938,255.27999877929688,249.24000549316406,252.08999633789062,248.56494140625,1112100,HCA
2021-08-26,251.58999633789062,253.1699981689453,250.0399932861328,251.0399932861328,247.5296173095703,917100,HCA
2021-08-27,252.5,253.41000366210938,250.5500030517578,251.85000610351562,248.3283233642578,905800,HCA
2021-08-30,252.5500030517578,255.0800018310547,251.57000732421875,253.49000549316406,249.94537353515625,601700,HCA
2021-08-31,253.36000061035156,257.4200134277344,252.07000732421875,252.97999572753906,249.44248962402344,1820600,HCA
2021-09-01,254.22000122070312,255.0,251.27000427246094,252.66000366210938,249.1269989013672,958100,HCA
2021-09-02,253.4199981689453,254.8800048828125,252.97999572753906,253.27999877929688,249.73829650878906,804400,HCA
2021-09-03,252.3000030517578,254.10000610351562,251.08999633789062,252.9499969482422,249.4129180908203,605700,HCA
2021-09-07,250.9600067138672,253.25999450683594,248.39999389648438,252.1300048828125,248.60438537597656,1764600,HCA
2021-09-08,251.3800048828125,256.5299987792969,249.7100067138672,254.42999267578125,250.87222290039062,1416400,HCA
2021-09-09,254.25,261.79998779296875,253.9499969482422,258.260009765625,254.648681640625,2145900,HCA
2021-09-10,259.8900146484375,260.7699890136719,255.67999267578125,256.70001220703125,253.11048889160156,1113200,HCA
2021-09-13,258.9599914550781,259.4700012207031,255.9600067138672,257.69000244140625,254.08665466308594,1129000,HCA
2021-09-14,258.70001220703125,258.9700012207031,254.35000610351562,254.6699981689453,251.10888671875,1403400,HCA
2021-09-15,254.02999877929688,257.3999938964844,251.30999755859375,256.45001220703125,253.34149169921875,1337700,HCA
2021-09-16,257.4800109863281,262.75,256.04998779296875,261.6400146484375,258.4685974121094,1750800,HCA
2021-09-17,261.3699951171875,263.9200134277344,258.07000732421875,258.739990234375,255.60372924804688,5765300,HCA
2021-09-20,254.4199981689453,256.9800109863281,252.14999389648438,255.02999877929688,251.93870544433594,1217700,HCA
2021-09-21,257.0,260.67999267578125,255.8300018310547,255.83999633789062,252.7388916015625,1413600,HCA
2021-09-22,257.82000732421875,260.25,256.04998779296875,258.25,255.11965942382812,1213500,HCA
2021-09-23,259.9700012207031,259.9700012207031,255.3800048828125,255.52999877929688,252.43263244628906,1769400,HCA
2021-09-24,256.67999267578125,259.239990234375,255.88999938964844,256.3299865722656,253.22291564941406,1175200,HCA
2021-09-27,256.7699890136719,259.7799987792969,255.32000732421875,255.5500030517578,252.45237731933594,1481500,HCA
2021-09-28,253.7100067138672,256.19000244140625,251.25999450683594,251.8000030517578,248.74786376953125,1674600,HCA
2021-09-29,252.8800048828125,254.11000061035156,251.63999938964844,252.2100067138672,249.1528778076172,1818600,HCA
2021-09-30,253.1699981689453,253.72000122070312,242.5399932861328,242.72000122070312,239.77792358398438,2115800,HCA
2021-10-01,243.8699951171875,249.50999450683594,243.00999450683594,247.7899932861328,244.7864532470703,1794000,HCA
2021-10-04,247.8000030517578,250.8000030517578,243.32000732421875,244.3800048828125,241.4178009033203,1313000,HCA
2021-10-05,244.83999633789062,247.5500030517578,242.9199981689453,243.11000061035156,240.16319274902344,1396100,HCA
2021-10-06,241.07000732421875,242.0,236.02999877929688,239.52999877929688,236.6265869140625,1170200,HCA
2021-10-07,240.35000610351562,243.5800018310547,240.0399932861328,242.27999877929688,239.34326171875,1512100,HCA
2021-10-08,242.22999572753906,244.14999389648438,240.24000549316406,240.4199981689453,237.5057830810547,817400,HCA
2021-10-11,240.02000427246094,241.8300018310547,237.1699981689453,237.52000427246094,234.6409454345703,909000,HCA
2021-10-12,238.4600067138672,240.39999389648438,237.35000610351562,239.07000732421875,236.1721649169922,1070600,HCA
2021-10-13,239.50999450683594,241.07000732421875,236.99000549316406,239.00999450683594,236.1128692626953,1166700,HCA
2021-10-14,241.22000122070312,244.4600067138672,240.49000549316406,242.50999450683594,239.5704345703125,1146000,HCA
2021-10-15,244.08999633789062,248.5500030517578,243.30999755859375,246.8800048828125,243.88748168945312,1127100,HCA
2021-10-18,246.10000610351562,247.66000366210938,243.9600067138672,246.58999633789062,243.6009979248047,911100,HCA
2021-10-19,248.14999389648438,251.50999450683594,248.05999755859375,248.67999267578125,245.66566467285156,898000,HCA
2021-10-20,249.77999877929688,253.4499969482422,249.77999877929688,250.86000061035156,247.81922912597656,1105800,HCA
2021-10-21,255.27999877929688,260.17999267578125,249.8699951171875,260.0,256.84844970703125,1878400,HCA
2021-10-22,246.52000427246094,257.8800048828125,243.02999877929688,253.11000061035156,250.04197692871094,2830500,HCA
2021-10-25,254.22000122070312,254.22000122070312,240.83999633789062,241.80999755859375,238.87893676757812,2136900,HCA
2021-10-26,240.86000061035156,242.17999267578125,237.36000061035156,241.39999389648438,238.47390747070312,1917400,HCA
2021-10-27,240.80999755859375,246.85000610351562,240.80999755859375,245.3699951171875,242.3957977294922,1710800,HCA
2021-10-28,247.1999969482422,253.02000427246094,246.36000061035156,250.6699981689453,247.63156127929688,1357500,HCA
2021-10-29,250.3699951171875,253.0,248.3699951171875,250.4600067138672,247.42408752441406,1176500,HCA
2021-11-01,251.3300018310547,253.00999450683594,250.08999633789062,250.99000549316406,247.94769287109375,1117100,HCA
2021-11-02,251.9600067138672,252.8300018310547,248.1300048828125,248.44000244140625,245.42857360839844,1085700,HCA
2021-11-03,247.19000244140625,250.0,245.50999450683594,250.0,246.9696502685547,1171700,HCA
2021-11-04,250.0,252.66000366210938,245.0800018310547,247.41000366210938,244.4110565185547,1184300,HCA
2021-11-05,244.97999572753906,253.16000366210938,244.97000122070312,248.27000427246094,245.26063537597656,1824600,HCA
2021-11-08,249.5399932861328,249.9499969482422,244.9199981689453,247.6300048828125,244.62838745117188,1233800,HCA
2021-11-09,248.11000061035156,250.24000549316406,245.5399932861328,246.13999938964844,243.1564483642578,1006100,HCA
2021-11-10,245.02999877929688,247.8000030517578,244.0,245.27000427246094,242.29701232910156,881300,HCA
2021-11-11,245.3000030517578,246.6199951171875,240.7100067138672,243.99000549316406,241.03253173828125,1105800,HCA
2021-11-12,244.64999389648438,247.5800018310547,244.0,245.27000427246094,242.29701232910156,734100,HCA
2021-11-15,245.72000122070312,246.22999572753906,242.36000061035156,242.55999755859375,239.61984252929688,983800,HCA
2021-11-16,243.16000366210938,244.4199981689453,241.55999755859375,241.72000122070312,238.79002380371094,1093300,HCA
2021-11-17,243.3000030517578,247.1699981689453,241.72999572753906,243.86000061035156,240.90408325195312,1176900,HCA
2021-11-18,243.6999969482422,243.86000061035156,241.27000427246094,243.25,240.30148315429688,878300,HCA
2021-11-19,242.55999755859375,244.47999572753906,238.10000610351562,239.05999755859375,236.16226196289062,1096400,HCA
2021-11-22,240.05999755859375,243.5500030517578,239.3800048828125,240.42999267578125,237.51565551757812,1251300,HCA
2021-11-23,240.8699951171875,242.92999267578125,238.4199981689453,241.6699981689453,238.74063110351562,1037500,HCA
2021-11-24,241.07000732421875,243.4499969482422,239.52999877929688,239.85000610351562,236.9427032470703,1049700,HCA
2021-11-26,235.00999450683594,236.64999389648438,229.6300048828125,231.0,228.19998168945312,1329800,HCA
2021-11-29,233.2899932861328,235.94000244140625,229.32000732421875,229.9199981689453,227.13307189941406,1612400,HCA
2021-11-30,228.83999633789062,230.6699981689453,224.72000122070312,225.58999633789062,222.85552978515625,3375900,HCA
2021-12-01,229.58999633789062,234.41000366210938,225.52000427246094,225.61000061035156,222.87530517578125,1761500,HCA
2021-12-02,227.17999267578125,234.25,227.17999267578125,232.05999755859375,229.2471160888672,1731600,HCA
2021-12-03,233.9499969482422,233.9499969482422,228.5800018310547,230.02999877929688,227.24172973632812,1404200,HCA
2021-12-06,231.5,235.58999633789062,230.25999450683594,233.77000427246094,230.9364013671875,1559900,HCA
2021-12-07,236.47999572753906,241.5,235.4199981689453,238.60000610351562,235.70785522460938,1237600,HCA
2021-12-08,239.64999389648438,241.24000549316406,237.33999633789062,240.50999450683594,237.59469604492188,1103900,HCA
2021-12-09,239.63999938964844,243.05999755859375,238.39999389648438,241.44000244140625,238.513427734375,1001700,HCA
2021-12-10,242.82000732421875,245.36000061035156,240.6199951171875,243.5500030517578,240.5978546142578,1296500,HCA
2021-12-13,243.10000610351562,245.47999572753906,242.47000122070312,244.10000610351562,241.61737060546875,1188200,HCA
2021-12-14,241.9199981689453,246.35000610351562,240.25,245.11000061035156,242.61709594726562,2054300,HCA
2021-12-15,245.38999938964844,253.85000610351562,245.38999938964844,253.8300018310547,251.2484130859375,1747600,HCA
2021-12-16,255.0,256.7799987792969,253.0,253.97999572753906,251.3968963623047,1729000,HCA
2021-12-17,253.5500030517578,256.2200012207031,250.97999572753906,253.7899932861328,251.2088165283203,3894800,HCA
2021-12-20,250.9199981689453,251.8699951171875,240.97999572753906,245.6199951171875,243.1219024658203,1719200,HCA
2021-12-21,242.17999267578125,248.74000549316406,242.17999267578125,247.02999877929688,244.517578125,1604700,HCA
2021-12-22,247.5399932861328,252.88999938964844,246.7899932861328,252.07000732421875,249.50631713867188,1283000,HCA
2021-12-23,253.57000732421875,255.0,251.4600067138672,252.0500030517578,249.4865264892578,822200,HCA
2021-12-27,252.52000427246094,254.57000732421875,251.74000549316406,253.77000427246094,251.1890106201172,819300,HCA
2021-12-28,254.67999267578125,257.9800109863281,252.97000122070312,256.760009765625,254.1486053466797,708100,HCA
2021-12-29,257.0899963378906,260.75,257.0899963378906,258.489990234375,255.8610382080078,642100,HCA
2021-12-30,259.0899963378906,260.6700134277344,257.9200134277344,258.1099853515625,255.48489379882812,617400,HCA
2021-12-31,257.8299865722656,259.6400146484375,256.7099914550781,256.9200134277344,254.30697631835938,931500,HCA
2022-01-03,256.67999267578125,256.67999267578125,252.0,254.0800018310547,251.49586486816406,1518500,HCA
2022-01-04,255.2899932861328,260.9700012207031,253.66000366210938,260.2699890136719,257.6228942871094,2366800,HCA
2022-01-05,261.2799987792969,269.75,258.7099914550781,258.9700012207031,256.3361511230469,1384800,HCA
2022-01-06,258.95001220703125,259.1499938964844,253.10000610351562,254.50999450683594,251.92149353027344,1757400,HCA
2022-01-07,253.97000122070312,256.1600036621094,251.47000122070312,252.2100067138672,249.6448974609375,1660000,HCA
2022-01-10,253.64999389648438,255.17999267578125,246.16000366210938,249.47000122070312,246.93276977539062,1262000,HCA
2022-01-11,247.75,250.67999267578125,240.2899932861328,250.3300018310547,247.7840118408203,1547800,HCA
2022-01-12,250.91000366210938,253.6999969482422,248.0500030517578,249.3000030517578,246.76449584960938,1099400,HCA
2022-01-13,249.9199981689453,258.239990234375,249.4199981689453,254.41000366210938,251.822509765625,1139400,HCA
2022-01-14,252.52999877929688,257.3299865722656,252.25,257.0,254.3861541748047,1212100,HCA
2022-01-18,254.0500030517578,255.57000732421875,247.66000366210938,248.72999572753906,246.20028686523438,1510100,HCA
2022-01-19,249.7100067138672,251.0800018310547,244.67999267578125,245.3300018310547,242.83486938476562,1368100,HCA
2022-01-20,246.5500030517578,248.13999938964844,239.5500030517578,240.75999450683594,238.3113250732422,1906500,HCA
2022-01-21,240.47999572753906,241.3800048828125,237.4600067138672,237.92999267578125,235.51011657714844,1634300,HCA
2022-01-24,234.3000030517578,244.3800048828125,231.75999450683594,243.60000610351562,241.12245178222656,1829600,HCA
2022-01-25,239.97000122070312,241.88999938964844,236.7899932861328,239.11000061035156,236.6781463623047,1764500,HCA
2022-01-26,240.11000061035156,246.77999877929688,236.88999938964844,240.0,237.55906677246094,2454000,HCA
2022-01-27,220.5,232.00999450683594,220.5,228.85000610351562,226.52249145507812,3196900,HCA
2022-01-28,229.00999450683594,236.66000366210938,228.7100067138672,236.61000061035156,234.20355224609375,1944500,HCA
2022-01-31,235.0,242.27999877929688,234.22999572753906,240.0500030517578,237.6085662841797,2497900,HCA
2022-02-01,241.19000244140625,243.0,235.41000366210938,237.3300018310547,234.91624450683594,2018800,HCA
2022-02-02,236.6699981689453,242.27000427246094,236.35000610351562,240.7899932861328,238.34103393554688,1121500,HCA
2022-02-03,239.82000732421875,243.97000122070312,238.6300048828125,240.86000061035156,238.4103240966797,1045800,HCA
2022-02-04,238.8000030517578,242.07000732421875,234.89999389648438,239.0800018310547,236.6484375,1545300,HCA
2022-02-07,238.5800018310547,239.49000549316406,230.66000366210938,232.41000366210938,230.04627990722656,1436700,HCA
2022-02-08,232.72000122070312,240.25,231.6699981689453,239.47999572753906,237.0443572998047,1762200,HCA
2022-02-09,240.8699951171875,244.8699951171875,240.86000061035156,243.4199981689453,240.94427490234375,939700,HCA
2022-02-10,240.4600067138672,247.02000427246094,238.35000610351562,240.00999450683594,237.5689697265625,1214700,HCA
2022-02-11,240.10000610351562,242.55999755859375,236.55999755859375,237.57000732421875,235.15379333496094,1095600,HCA
2022-02-14,239.02999877929688,241.2100067138672,234.07000732421875,235.4199981689453,233.02565002441406,1078300,HCA
2022-02-15,238.6699981689453,242.60000610351562,237.50999450683594,242.38999938964844,239.92477416992188,1094400,HCA
2022-02-16,242.27000427246094,252.80999755859375,241.00999450683594,251.99000549316406,249.42713928222656,1945500,HCA
2022-02-17,250.77000427246094,255.92999267578125,249.61000061035156,250.8000030517578,248.2492218017578,1385000,HCA
2022-02-18,250.0500030517578,254.80999755859375,243.05999755859375,244.10000610351562,241.61737060546875,1565500,HCA
2022-02-22,241.85000610351562,246.0399932861328,241.0,244.3300018310547,241.8450469970703,1208100,HCA
2022-02-23,245.52999877929688,245.52999877929688,240.8300018310547,241.77999877929688,239.3209686279297,1034100,HCA
2022-02-24,236.00999450683594,244.16000366210938,234.67999267578125,243.55999755859375,241.08287048339844,1477000,HCA
2022-02-25,244.86000061035156,254.1999969482422,244.86000061035156,253.2899932861328,250.7139129638672,1162600,HCA
2022-02-28,246.4600067138672,250.50999450683594,241.4600067138672,250.30999755859375,247.76422119140625,1602200,HCA
2022-03-01,250.17999267578125,253.27000427246094,247.32000732421875,252.4199981689453,249.85275268554688,1206300,HCA
2022-03-02,254.0,263.80999755859375,252.6699981689453,261.1300048828125,258.4741516113281,1676200,HCA
2022-03-03,263.0,266.2099914550781,260.760009765625,264.1099853515625,261.423828125,1682000,HCA
2022-03-04,260.1700134277344,266.010009765625,258.42999267578125,265.4100036621094,262.7106018066406,1351000,HCA
2022-03-07,263.5400085449219,264.3900146484375,257.6099853515625,259.82000732421875,257.1775207519531,1454600,HCA
2022-03-08,259.82000732421875,265.94000244140625,257.989990234375,258.0299987792969,255.4057159423828,1403500,HCA
2022-03-09,263.6099853515625,268.4800109863281,262.7799987792969,264.3599853515625,261.6712951660156,1197200,HCA
2022-03-10,261.4100036621094,268.239990234375,261.4100036621094,267.1000061035156,264.3834228515625,1454000,HCA
2022-03-11,266.45001220703125,272.260009765625,266.45001220703125,267.0,264.28448486328125,1370000,HCA
2022-03-14,269.3599853515625,270.8900146484375,259.1000061035156,261.42999267578125,258.7711181640625,2315600,HCA
2022-03-15,264.4800109863281,268.0199890136719,263.07000732421875,267.1700134277344,264.4527282714844,2014500,HCA
2022-03-16,268.0,269.8500061035156,263.0899963378906,266.3500061035156,264.1948547363281,2118100,HCA
2022-03-17,266.45001220703125,268.42999267578125,264.0299987792969,266.9700012207031,264.8098449707031,1509000,HCA
2022-03-18,268.5899963378906,268.5899963378906,256.989990234375,260.67999267578125,258.5707092285156,2602700,HCA
2022-03-21,261.69000244140625,266.3299865722656,259.1099853515625,261.55999755859375,259.443603515625,1527300,HCA
2022-03-22,262.8999938964844,263.5199890136719,259.1700134277344,260.3500061035156,258.243408203125,1643200,HCA
2022-03-23,258.94000244140625,262.1600036621094,257.6300048828125,260.6099853515625,258.50128173828125,1391300,HCA
2022-03-24,261.8299865722656,263.1000061035156,259.45001220703125,260.6000061035156,258.49139404296875,1522400,HCA
2022-03-25,260.7799987792969,261.7200012207031,255.9600067138672,260.0799865722656,257.9755554199219,1562600,HCA
2022-03-28,259.79998779296875,264.45001220703125,258.760009765625,264.4100036621094,262.27056884765625,1238700,HCA
2022-03-29,264.3999938964844,265.54998779296875,262.0400085449219,263.6499938964844,261.51666259765625,1077000,HCA
2022-03-30,263.2099914550781,264.04998779296875,253.35000610351562,254.9600067138672,252.8970184326172,1613300,HCA
2022-03-31,253.57000732421875,255.4499969482422,250.52999877929688,250.6199951171875,248.59210205078125,1643800,HCA
2022-04-01,251.0,254.35000610351562,250.3699951171875,250.75,248.72108459472656,1182800,HCA
2022-04-04,250.3800048828125,251.17999267578125,244.3000030517578,245.58999633789062,243.60281372070312,1435200,HCA
2022-04-05,242.44000244140625,248.3800048828125,242.44000244140625,243.61000061035156,241.6388397216797,1596800,HCA
2022-04-06,242.44000244140625,250.7100067138672,241.89999389648438,250.47999572753906,248.4532470703125,1669800,HCA
2022-04-07,249.7100067138672,256.6199951171875,249.7100067138672,254.6300048828125,252.56967163085938,1656900,HCA
2022-04-08,253.8300018310547,260.1700134277344,250.69000244140625,258.69000244140625,256.5968322753906,1630500,HCA
2022-04-11,258.8900146484375,261.0,256.6400146484375,258.17999267578125,256.0909423828125,1454500,HCA
2022-04-12,259.5799865722656,261.4700012207031,257.8299865722656,260.8900146484375,258.7790222167969,1126400,HCA
2022-04-13,261.25,262.1499938964844,257.20001220703125,258.6400146484375,256.5472106933594,1091600,HCA
2022-04-14,259.5299987792969,263.3500061035156,259.3999938964844,260.94000244140625,258.82861328125,1045900,HCA
2022-04-18,259.1600036621094,262.8599853515625,258.8500061035156,259.9100036621094,257.80694580078125,932700,HCA
2022-04-19,261.0199890136719,263.1400146484375,259.3999938964844,261.9599914550781,259.8403625488281,1069700,HCA
2022-04-20,263.69000244140625,275.9599914550781,263.5299987792969,275.1600036621094,272.9335632324219,1688600,HCA
2022-04-21,273.9800109863281,279.0199890136719,269.1099853515625,269.44000244140625,267.2598571777344,2384800,HCA
2022-04-22,241.5800018310547,242.0,209.17999267578125,210.63999938964844,208.9356231689453,8886800,HCA
2022-04-25,208.52000427246094,216.2899932861328,207.50999450683594,210.5,208.7967529296875,4740100,HCA
2022-04-26,207.1999969482422,219.0,204.72999572753906,214.94000244140625,213.20082092285156,5892900,HCA
2022-04-27,213.1300048828125,218.5399932861328,209.47999572753906,212.22999572753906,210.5127410888672,2675100,HCA
2022-04-28,212.97999572753906,220.22000122070312,211.47000122070312,218.94000244140625,217.16844177246094,2213400,HCA
2022-04-29,216.61000061035156,221.77999877929688,214.22999572753906,214.5500030517578,212.81398010253906,2061800,HCA
2022-05-02,214.47999572753906,215.86000061035156,208.0,210.82000732421875,209.11416625976562,2105900,HCA
2022-05-03,210.58999633789062,218.64999389648438,209.94000244140625,216.3000030517578,214.54981994628906,1839100,HCA
2022-05-04,218.85000610351562,226.11000061035156,216.17999267578125,224.8000030517578,222.9810333251953,2091300,HCA
2022-05-05,226.3000030517578,229.19000244140625,219.2899932861328,224.19000244140625,222.3759765625,2167800,HCA
2022-05-06,221.3000030517578,229.0,219.50999450683594,227.35000610351562,225.5104217529297,1679200,HCA
2022-05-09,225.0,227.08999633789062,221.8800048828125,224.10000610351562,222.28671264648438,1681900,HCA
2022-05-10,226.1999969482422,229.25999450683594,221.82000732421875,224.49000549316406,222.67355346679688,1687900,HCA
2022-05-11,223.99000549316406,228.00999450683594,208.44000244140625,209.52999877929688,207.83460998535156,2962700,HCA
2022-05-12,207.5,214.02999877929688,206.86000061035156,213.8000030517578,212.07005310058594,2614400,HCA
2022-05-13,215.80999755859375,220.1999969482422,214.27000427246094,214.9199981689453,213.1809844970703,1618200,HCA
2022-05-16,213.91000366210938,215.0800018310547,210.8300018310547,211.63999938964844,209.9275360107422,1685100,HCA
2022-05-17,213.85000610351562,216.77999877929688,209.9600067138672,215.97000122070312,214.2224884033203,1543700,HCA
2022-05-18,212.77999877929688,212.77999877929688,205.16000366210938,206.8000030517578,205.12669372558594,2378500,HCA
2022-05-19,204.25,206.2899932861328,199.5399932861328,203.1300048828125,201.48638916015625,2271800,HCA
2022-05-20,204.08999633789062,206.94000244140625,198.69000244140625,204.77999877929688,203.12303161621094,1481400,HCA
2022-05-23,206.10000610351562,207.74000549316406,202.6199951171875,205.0399932861328,203.38092041015625,1390400,HCA
2022-05-24,205.0,205.3000030517578,200.89999389648438,204.75999450683594,203.10317993164062,1123400,HCA
2022-05-25,204.08999633789062,212.02999877929688,203.36000061035156,206.16000366210938,204.4918670654297,2151900,HCA
2022-05-26,208.72999572753906,213.16000366210938,207.86000061035156,211.7899932861328,210.0762939453125,1182900,HCA
2022-05-27,213.7100067138672,216.55999755859375,213.7100067138672,215.5500030517578,213.80589294433594,1640600,HCA
2022-05-31,212.9499969482422,215.22999572753906,209.88999938964844,210.39999389648438,208.6975555419922,3331000,HCA
2022-06-01,212.50999450683594,212.52000427246094,205.44000244140625,206.9499969482422,205.27548217773438,1844300,HCA
2022-06-02,207.7100067138672,211.4199981689453,203.60000610351562,211.17999267578125,209.4712371826172,2227200,HCA
2022-06-03,209.72999572753906,212.02000427246094,207.30999755859375,207.58999633789062,205.91030883789062,1150100,HCA
2022-06-06,207.41000366210938,208.8800048828125,203.9499969482422,204.82000732421875,203.1627197265625,1531800,HCA
2022-06-07,202.60000610351562,208.83999633789062,202.60000610351562,207.52000427246094,205.8408660888672,1321100,HCA
2022-06-08,206.0,208.33999633789062,205.22999572753906,205.72999572753906,204.06533813476562,1171900,HCA
2022-06-09,204.5399932861328,207.16000366210938,201.02000427246094,201.25999450683594,199.6315155029297,1203100,HCA
2022-06-10,197.77999877929688,199.67999267578125,195.88999938964844,196.72000122070312,195.1282501220703,1863400,HCA
2022-06-13,191.19000244140625,193.07000732421875,185.05999755859375,185.77000427246094,184.26686096191406,2416800,HCA
2022-06-14,185.1999969482422,185.38999938964844,178.8000030517578,179.27999877929688,177.82936096191406,3828800,HCA
2022-06-15,179.25,183.8300018310547,177.69000244140625,181.69000244140625,180.78456115722656,2534800,HCA
2022-06-16,176.8000030517578,176.85000610351562,169.1300048828125,171.55999755859375,170.70504760742188,2574800,HCA
2022-06-17,171.32000732421875,176.66000366210938,170.74000549316406,173.10000610351562,172.2373809814453,6001700,HCA
2022-06-21,176.82000732421875,177.1300048828125,170.27999877929688,173.8699951171875,173.0035400390625,2368000,HCA
2022-06-22,173.25,177.83999633789062,172.86000061035156,176.58999633789062,175.7099609375,1614600,HCA
2022-06-23,177.85000610351562,178.7899932861328,174.97999572753906,177.44000244140625,176.5557403564453,1629000,HCA
2022-06-24,177.72000122070312,183.1300048828125,177.72000122070312,182.3300018310547,181.42137145996094,4783800,HCA
2022-06-27,183.0,183.67999267578125,178.91000366210938,179.82000732421875,178.92388916015625,1367300,HCA
2022-06-28,180.07000732421875,181.97000122070312,174.35000610351562,175.82000732421875,174.94381713867188,2543400,HCA
2022-06-29,177.02999877929688,178.41000366210938,173.72000122070312,175.6699981689453,174.7945556640625,1627400,HCA
2022-06-30,169.52000427246094,170.1300048828125,165.8800048828125,168.05999755859375,167.2224884033203,5189100,HCA
2022-07-01,168.5399932861328,175.83999633789062,168.0800018310547,175.05999755859375,174.18759155273438,1386100,HCA
2022-07-05,173.32000732421875,173.58999633789062,169.5399932861328,172.5800018310547,171.71995544433594,1320400,HCA
2022-07-06,168.3300018310547,169.25999450683594,165.94000244140625,165.99000549316406,165.16281127929688,2086500,HCA
2022-07-07,168.9199981689453,175.24000549316406,168.75999450683594,174.66000366210938,173.7895965576172,1819900,HCA
2022-07-08,174.60000610351562,177.57000732421875,172.52999877929688,172.60000610351562,171.7398681640625,1465700,HCA
2022-07-11,171.64999389648438,172.11000061035156,169.25,169.38999938964844,168.5458526611328,1523400,HCA
2022-07-12,167.8000030517578,172.5500030517578,167.4499969482422,170.11000061035156,169.26226806640625,1846700,HCA
2022-07-13,168.5399932861328,171.1999969482422,167.52000427246094,169.30999755859375,168.46624755859375,1165200,HCA
2022-07-14,166.6699981689453,167.8699951171875,164.47000122070312,167.49000549316406,166.65533447265625,1293700,HCA
2022-07-15,170.92999267578125,171.77999877929688,167.63999938964844,171.61000061035156,170.75479125976562,1192800,HCA
2022-07-18,172.50999450683594,173.89999389648438,171.22000122070312,171.69000244140625,170.8343963623047,1128600,HCA
2022-07-19,174.77000427246094,178.75,173.49000549316406,178.17999267578125,177.29205322265625,1363300,HCA
2022-07-20,177.75,179.69000244140625,176.86000061035156,178.80999755859375,177.91891479492188,1376400,HCA
2022-07-21,179.1699981689453,182.92999267578125,178.60000610351562,181.30999755859375,180.40646362304688,1837400,HCA
2022-07-22,210.00999450683594,211.99000549316406,201.8000030517578,202.02999877929688,201.023193359375,5507200,HCA
2022-07-25,201.9499969482422,207.41000366210938,197.3300018310547,198.6300048828125,197.64015197753906,2966800,HCA
2022-07-26,198.42999267578125,204.2100067138672,198.42999267578125,203.94000244140625,202.92367553710938,1800200,HCA
2022-07-27,203.1199951171875,206.52000427246094,202.02999877929688,204.66000366210938,203.64010620117188,1599900,HCA
2022-07-28,204.5,211.72000122070312,203.39999389648438,209.77999877929688,208.73458862304688,1700200,HCA
2022-07-29,208.77000427246094,213.07000732421875,208.38999938964844,212.4199981689453,211.3614044189453,1497800,HCA
2022-08-01,210.30999755859375,213.41000366210938,209.42999267578125,210.91000366210938,209.85894775390625,1074000,HCA
2022-08-02,211.41000366210938,214.57000732421875,210.33999633789062,211.47000122070312,210.41615295410156,1354100,HCA
2022-08-03,213.6699981689453,217.82000732421875,212.1300048828125,216.47000122070312,215.3912353515625,1437200,HCA
2022-08-04,215.24000549316406,217.0399932861328,212.30999755859375,212.72000122070312,211.65992736816406,1088700,HCA
2022-08-05,210.69000244140625,215.7100067138672,210.69000244140625,212.80999755859375,211.74948120117188,907300,HCA
2022-08-08,213.8000030517578,214.74000549316406,210.17999267578125,211.33999633789062,210.2867889404297,909800,HCA
2022-08-09,210.69000244140625,212.1199951171875,209.1300048828125,210.07000732421875,209.0231475830078,805400,HCA
2022-08-10,213.58999633789062,217.6999969482422,212.2899932861328,216.72000122070312,215.63998413085938,1108400,HCA
2022-08-11,217.57000732421875,219.67999267578125,216.14999389648438,216.52000427246094,215.4409942626953,985600,HCA
2022-08-12,217.4499969482422,219.02000427246094,216.9199981689453,218.88999938964844,217.79917907714844,715600,HCA
2022-08-15,217.02999877929688,218.7899932861328,215.4600067138672,216.6999969482422,215.62008666992188,902900,HCA
2022-08-16,215.3000030517578,216.55999755859375,211.19000244140625,212.8699951171875,211.80917358398438,1194300,HCA
2022-08-17,210.1999969482422,211.27999877929688,208.4600067138672,208.99000549316406,207.94851684570312,861600,HCA
2022-08-18,210.1999969482422,215.88999938964844,209.77999877929688,215.0399932861328,213.96835327148438,1419800,HCA
2022-08-19,214.38999938964844,217.69000244140625,213.82000732421875,215.02999877929688,213.9584197998047,1111100,HCA
2022-08-22,211.72999572753906,216.07000732421875,211.2899932861328,212.38999938964844,211.33157348632812,1195700,HCA
2022-08-23,211.42999267578125,214.27000427246094,208.85000610351562,210.25,209.20223999023438,1069600,HCA
2022-08-24,210.42999267578125,212.74000549316406,209.0399932861328,210.4199981689453,209.3713836669922,1065500,HCA
2022-08-25,210.97000122070312,213.66000366210938,209.4199981689453,213.55999755859375,212.49574279785156,912300,HCA
2022-08-26,213.5399932861328,213.60000610351562,204.32000732421875,204.97999572753906,203.95848083496094,1011400,HCA
2022-08-29,203.52000427246094,205.60000610351562,200.52999877929688,204.0800018310547,203.06298828125,843000,HCA
2022-08-30,204.58999633789062,205.1699981689453,200.2899932861328,201.77999877929688,200.77444458007812,1043400,HCA
2022-08-31,202.8800048828125,202.8800048828125,197.22000122070312,197.8699951171875,196.8839111328125,1869300,HCA
2022-09-01,196.3699951171875,199.5399932861328,192.7100067138672,199.4499969482422,198.4560546875,1303200,HCA
2022-09-02,202.5399932861328,204.97000122070312,198.5800018310547,200.02999877929688,199.03317260742188,1036900,HCA
2022-09-06,200.72000122070312,204.1199951171875,198.0500030517578,200.7100067138672,199.70977783203125,1682200,HCA
2022-09-07,200.1699981689453,213.7100067138672,200.1699981689453,212.16000366210938,211.10272216796875,1802900,HCA
2022-09-08,211.25,216.3300018310547,210.0,216.2100067138672,215.13253784179688,1364400,HCA
2022-09-09,217.0,221.67999267578125,216.22000122070312,219.6999969482422,218.6051483154297,1940400,HCA
2022-09-12,219.44000244140625,222.41000366210938,218.9199981689453,222.36000061035156,221.25189208984375,1510800,HCA
2022-09-13,217.89999389648438,218.9499969482422,211.50999450683594,212.0399932861328,210.98330688476562,1459300,HCA
2022-09-14,212.25999450683594,212.25999450683594,205.82000732421875,208.75999450683594,207.7196502685547,1318000,HCA
2022-09-15,208.16000366210938,212.24000549316406,207.94000244140625,208.97000122070312,208.48788452148438,1030200,HCA
2022-09-16,210.36000061035156,210.47000122070312,206.41000366210938,209.6699981689453,209.18626403808594,4048000,HCA
2022-09-19,206.38999938964844,208.49000549316406,204.63999938964844,208.38999938964844,207.9092254638672,1039600,HCA
2022-09-20,206.42999267578125,207.2100067138672,200.77000427246094,201.75999450683594,201.2945098876953,1279100,HCA
2022-09-21,203.67999267578125,206.0500030517578,198.75,198.83999633789062,198.38125610351562,898000,HCA
2022-09-22,198.10000610351562,198.10000610351562,193.5500030517578,194.05999755859375,193.61227416992188,1074400,HCA
2022-09-23,191.82000732421875,192.22000122070312,187.6999969482422,191.5,191.0581817626953,1297800,HCA
2022-09-26,190.89999389648438,192.82000732421875,185.14999389648438,187.24000549316406,186.80801391601562,1385300,HCA
2022-09-27,189.33999633789062,191.64999389648438,183.7899932861328,184.30999755859375,183.884765625,1617300,HCA
2022-09-28,186.05999755859375,190.94000244140625,184.61000061035156,189.94000244140625,189.5017852783203,1724800,HCA
2022-09-29,187.6300048828125,189.02999877929688,183.44000244140625,187.67999267578125,187.2469940185547,1129200,HCA
2022-09-30,188.44000244140625,189.02000427246094,183.61000061035156,183.7899932861328,183.365966796875,1330100,HCA
2022-10-03,187.1300048828125,194.91000366210938,184.97000122070312,193.25999450683594,192.81411743164062,1526900,HCA
2022-10-04,196.74000549316406,204.27000427246094,196.60000610351562,203.89999389648438,203.4295654296875,1814100,HCA
2022-10-05,200.69000244140625,203.75999450683594,198.50999450683594,202.5399932861328,202.0727081298828,1280400,HCA
2022-10-06,201.8300018310547,205.0,200.38999938964844,201.52999877929688,201.06504821777344,1118000,HCA
2022-10-07,199.8300018310547,200.74000549316406,195.97000122070312,200.4600067138672,199.99752807617188,1303100,HCA
2022-10-10,201.3300018310547,202.88999938964844,198.0500030517578,199.08999633789062,198.63067626953125,1101500,HCA
2022-10-11,199.0500030517578,205.47000122070312,197.9600067138672,202.69000244140625,202.2223663330078,1729300,HCA
2022-10-12,202.72999572753906,203.58999633789062,200.3000030517578,200.49000549316406,200.02745056152344,1139700,HCA
2022-10-13,197.0,207.77999877929688,195.24000549316406,206.0,205.5247344970703,1314400,HCA
2022-10-14,208.24000549316406,208.5800018310547,200.72000122070312,201.47000122070312,201.00518798828125,1118800,HCA
2022-10-17,204.7899932861328,208.33999633789062,203.9600067138672,206.30999755859375,205.83401489257812,962900,HCA
2022-10-18,212.36000061035156,213.52999877929688,208.7100067138672,210.02000427246094,209.53546142578125,1459100,HCA
2022-10-19,208.89999389648438,209.8300018310547,206.9499969482422,209.19000244140625,208.70738220214844,1007600,HCA
2022-10-20,209.67999267578125,213.91000366210938,207.4199981689453,208.61000061035156,208.1287078857422,2469300,HCA
2022-10-21,183.5800018310547,198.0800018310547,178.32000732421875,196.66000366210938,196.20628356933594,6288100,HCA
2022-10-24,198.7899932861328,210.86000061035156,198.02000427246094,210.36000061035156,209.8746795654297,3205800,HCA
2022-10-25,210.36000061035156,220.13999938964844,209.58999633789062,214.39999389648438,213.9053497314453,2330300,HCA
2022-10-26,216.41000366210938,223.7100067138672,216.41000366210938,217.47999572753906,216.97824096679688,1481500,HCA
2022-10-27,218.9600067138672,222.47999572753906,217.47000122070312,217.77000427246094,217.267578125,1642500,HCA
2022-10-28,218.0,224.5500030517578,216.0,223.66000366210938,223.1439971923828,1390400,HCA
2022-10-31,221.0,223.27999877929688,217.22000122070312,217.47000122070312,216.96827697753906,1424900,HCA
2022-11-01,218.9199981689453,222.13999938964844,216.66000366210938,221.1300048828125,220.6198272705078,1084800,HCA
2022-11-02,219.22000122070312,221.41000366210938,213.67999267578125,213.82000732421875,213.3267059326172,1296100,HCA
2022-11-03,211.72000122070312,213.99000549316406,208.3000030517578,212.75,212.2591552734375,1486000,HCA
2022-11-04,214.25,214.99000549316406,207.24000549316406,211.91000366210938,211.4210968017578,1648000,HCA
2022-11-07,212.77999877929688,215.72000122070312,210.9499969482422,214.24000549316406,213.7457275390625,1254600,HCA
2022-11-08,213.8000030517578,215.17999267578125,209.5800018310547,211.6699981689453,211.18165588378906,1236300,HCA
2022-11-09,210.00999450683594,213.67999267578125,207.5399932861328,209.00999450683594,208.5277862548828,1221000,HCA
2022-11-10,216.47999572753906,222.83999633789062,215.49000549316406,222.5,221.98666381835938,1346900,HCA
2022-11-11,222.47000122070312,224.72999572753906,219.74000549316406,224.0800018310547,223.56301879882812,1333700,HCA
2022-11-14,224.67999267578125,226.77999877929688,222.6199951171875,222.6199951171875,222.10638427734375,1224200,HCA
2022-11-15,224.85000610351562,229.0500030517578,224.0,229.0500030517578,228.5215606689453,1565500,HCA
2022-11-16,227.75,233.33999633789062,226.52000427246094,231.0,230.46705627441406,2014300,HCA
2022-11-17,227.33999633789062,228.77999877929688,224.83999633789062,227.3000030517578,226.7755889892578,1271200,HCA
2022-11-18,230.8300018310547,233.16000366210938,228.57000732421875,230.0800018310547,229.54917907714844,1085800,HCA
2022-11-21,228.4499969482422,231.74000549316406,227.58999633789062,228.99000549316406,228.46170043945312,1433600,HCA
2022-11-22,231.47999572753906,235.72000122070312,230.8300018310547,234.74000549316406,234.19842529296875,1543200,HCA
2022-11-23,235.3699951171875,238.24000549316406,234.22999572753906,237.27999877929688,236.73255920410156,973500,HCA
2022-11-25,238.97000122070312,241.22999572753906,237.41000366210938,239.3699951171875,238.81773376464844,385100,HCA
2022-11-28,238.10000610351562,238.60000610351562,232.82000732421875,234.35000610351562,233.809326171875,1072600,HCA
2022-11-29,233.91000366210938,238.3000030517578,232.8699951171875,235.80999755859375,235.26596069335938,774800,HCA
2022-11-30,235.88999938964844,240.8300018310547,233.97999572753906,240.22000122070312,239.66578674316406,2431200,HCA
2022-12-01,242.82000732421875,243.47999572753906,238.32000732421875,238.47000122070312,237.91983032226562,1205600,HCA
2022-12-02,234.7899932861328,240.00999450683594,234.3300018310547,239.02999877929688,238.47853088378906,803600,HCA
2022-12-05,235.52999877929688,237.2899932861328,234.0,235.35000610351562,234.80702209472656,741700,HCA
2022-12-06,234.25999450683594,238.8699951171875,233.77999877929688,236.6199951171875,236.07408142089844,1260800,HCA
2022-12-07,236.8000030517578,240.89999389648438,236.2899932861328,238.11000061035156,237.56065368652344,974700,HCA
2022-12-08,238.00999450683594,242.27000427246094,238.00999450683594,241.52999877929688,240.97276306152344,1188000,HCA
2022-12-09,240.9600067138672,241.1199951171875,236.8000030517578,237.58999633789062,237.04185485839844,823800,HCA
2022-12-12,238.6699981689453,243.25999450683594,237.58999633789062,242.72999572753906,242.16998291015625,1162300,HCA
2022-12-13,249.0,249.0,240.52000427246094,243.10000610351562,243.10000610351562,1189000,HCA
2022-12-14,243.77999877929688,247.2899932861328,241.5500030517578,244.6999969482422,244.6999969482422,1161300,HCA
2022-12-15,241.63999938964844,241.6699981689453,238.9199981689453,239.6999969482422,239.6999969482422,1280300,HCA
2022-12-16,235.80999755859375,239.97999572753906,234.02999877929688,239.0500030517578,239.0500030517578,2206700,HCA
2022-12-19,238.41000366210938,241.9499969482422,236.7100067138672,238.6699981689453,238.6699981689453,871900,HCA
2022-12-20,238.1300048828125,243.27000427246094,237.1199951171875,238.36000061035156,238.36000061035156,1093500,HCA
2022-12-21,240.39999389648438,243.89999389648438,240.17999267578125,242.89999389648438,242.89999389648438,786200,HCA
2022-12-22,240.36000061035156,241.47999572753906,236.69000244140625,241.14999389648438,241.14999389648438,961600,HCA
2022-12-23,240.33999633789062,241.7100067138672,239.1199951171875,240.74000549316406,240.74000549316406,592200,HCA
2022-12-27,240.85000610351562,242.02999877929688,238.94000244140625,240.02999877929688,240.02999877929688,532100,HCA
2022-12-28,240.72999572753906,241.5,236.27000427246094,236.39999389648438,236.39999389648438,603400,HCA
2022-12-29,238.25999450683594,241.94000244140625,236.7100067138672,240.3800048828125,240.3800048828125,567600,HCA
2022-12-30,238.80999755859375,240.5399932861328,237.9499969482422,239.9600067138672,239.9600067138672,710300,HCA
2023-01-03,241.6699981689453,245.94000244140625,239.44000244140625,243.2100067138672,243.2100067138672,1058300,HCA
2023-01-04,244.52999877929688,248.99000549316406,243.9199981689453,248.8800048828125,248.8800048828125,1186400,HCA
